Location,Co,Gr,Sa,Si,Cl,dmax,CU,CC,d10,d50,RHS,RHPRUSP,WPRUSP,wL,wP,wS,IP,w,IC,IA,k10,c,phi,cr,phir,Latitude,Longitude
,0,2.5,49,43,5.5,100,19.1,1.7,0.005,0.068,,,,29.2,12.9,8.8,16.3,0,,,,,,,,,
,0,10.9,33.6,35,20.5,100,,,,0.042,,,,41.8,17.2,11.1,24.6,0,,,,,,,,,
,0,40.9,23,26.5,9.6,100,1071.8,0.3,0.002,0.448,,,,37.1,17.4,12.4,19.7,0,,,,,,,,,
,0,1.6,15.5,55.5,27.4,100,,,,0.009,,,,46.5,17.7,10.5,28.8,0,,,,,,,,,
,0,0.4,16.6,65.5,17.4,100,,,,0.018,,,,40,18.5,13.1,21.6,0,,,,,,,,,
,0,48.8,15.3,27.1,8.9,100,2470.8,0.1,0.003,1.57,,,,39.3,18.9,13.8,20.4,0,,,,,,,,,
,0,0.4,17,70.1,12.6,100,18.8,1.9,0.002,0.023,,,,31.5,15.1,11,16.4,0,,,,,,,,,
,0,0.3,8.7,69.9,21.1,10,,,,0.09,,,,50.7,20.2,12.6,30.5,0,,,,,,,,,
,0,13.3,47,32.9,6.9,31.5,18.9,3.3,0.004,0.074,,,,,,,,,,,,26.1,19.1,23.3,19.8,,
Bärnkopf,,,,,,,,,,,,,,,,,,,,,,,,,,48.3901588,15.0068594
Bärnkopf,0,41.6,35.8,19,3.6,25,289,1.6,,1.216,,1.887,13.4,,,,,,,,1.90E-09,,,,,48.3901588,15.0068594
Bärnkopf,0,44.6,32.6,20.1,2.8,25,312,1.1,,1.472,,1.608,20.2,,,,,,,,1.90E-08,,,,,48.3901588,15.0068594
Bärnkopf,0,15.9,46.2,29.4,8.6,25,137,0.7,,0.178,,1.846,15.6,,,,,,,,3.50E-10,,,,,48.3901588,15.0068594
Bärnkopf,0,50.3,38.1,10.6,1,45,79,1.1,,2.04,2.616,1.835,14.5,,,,,,,,,5,32.5,,,48.3901588,15.0068594
Laxenburg,1,81.6,14.2,2.6,0.5,67,14.3,1.3,1,9.437,2.65,2.212816,6.983354,,,,,,,,,,,,,48.0686831,16.3561206
Laxenburg,1.9,59.2,21.3,12.8,4.8,67,1193.5,4.7,,5.086,2.65,2.212816,6.983354,,,,,,,,,,,,,48.0686831,16.3561206
Laxenburg,0,35,44,18,3,45,51.05,1.62,,0.29,2.695555,2.059328,10.34729,,,,,,,,,,,,,48.0686831,16.3561206
Laxenburg,0,39,32,26,4,45,181,0.38,,0.32,2.696345,2.016444,9.856027,,,,,,,,,,,,,48.0686831,16.3561206
Laxenburg,0,26,37,32,5,56,65.48,0.84,,0.19,2.696585,1.986493,11.70564,,,,,,,,,,,,,48.0686831,16.3561206
Laxenburg,1,84,12,2,0,67,14.73,2,1,10.67,2.65,2.206297,6.757113,,,,,,,,,,,,,48.0686831,16.3561206
Laxenburg,1,37,35,24,4,67,146.2,0.67,,0.38,2.69311,2.0278,10.5804,,,,,,,,,,,,,48.0686831,16.3561206
Laxenburg,1,36.7,35,23.7,3.6,67,146.2,0.7,,0.376,2.69311,2.0278,10.5804,,,,,,,,,,,,,48.0686831,16.3561206
Laxenburg,0,32.2,33,29.5,5.3,45,63.4,0.9,,0,2.69631,1.97618,12.43678,,,,,,,,,,,,,48.0686831,16.3561206
Laxenburg,0.7,80.3,15.1,3.3,0.6,67,44,5.4,,12.443,2.65,2.174639,7.503459,,,,,,,,,,,,,48.0686831,16.3561206
Laxenburg,0,34.3,38.3,23.2,4.3,45,95.9,0.8,,0.343,2.69478,2.00103,10.79979,,,,,,,,,,,,,48.0686831,16.3561206
Laxenburg,0,38,31,26,5,45,183.04,0.4,,0.28,2.69405,1.9909,11.07841,,,,,,,,,,,,,48.0686831,16.3561206
Laxenburg,1,47,27,21,4,67,496.7,0.31,,1.31,2.69291,2.082877,8.922019,,,,,,,,,,,,,48.0686831,16.3561206
Laxenburg,0,34,38,23,4,45,95.92,0.81,,0.34,2.69478,2.00103,10.79979,,,,,,,,,,,,,48.0686831,16.3561206
Laxenburg,0,38,31,26,5,45,183.04,0.4,,0.28,2.69405,1.9909,11.07841,,,,,,,,,,,,,48.0686831,16.3561206
Laxenburg,1,47,27,21,4,67,496.7,0.31,,1.31,2.69291,2.082877,8.922019,,,,,,,,,,,,,48.0686831,16.3561206
Laxenburg,0,42,30,22,5,45,381,0.38,,0.48,2.696035,2.101588,9.082853,,,,,,,,,,,,,48.0686831,16.3561206
Laxenburg,0,44,30,22,5,45,401.3,0.51,,0.84,2.65,2.114867,7.969154,,,,,,,,,,,,,48.0686831,16.3561206
Laxenburg,0,48,26,20,6,56,676,0.34,,1.21,2.692165,2.072817,9.218647,,,,,,,,,,,,,48.0686831,16.3561206
Laxenburg,0,47.9198,25.97246,20.45765,5.650087,56,675.9965,0.3377514,,1.213255,2.692165,2.072817,9.218647,,,,,,,,,,,,,48.0686831,16.3561206
Laxenburg,1.934934,46.54763,21.86434,25.71374,3.939353,67,583.1415,0.08688325,,1.333603,2.691755,2.033278,9.55207,,,,,,,,,,,,,48.0686831,16.3561206
Laxenburg,0,51.64108,25.92971,19.0632,3.366011,45,371.9765,0.1870831,,2.370134,2.69406,2.118914,8.001458,,,,,,,,,,,,,48.0686831,16.3561206
Laxenburg,0,52.39314,25.82442,18.71581,3.066628,45,347.802,0.1932897,,2.581966,2.696615,2.139424,8.867243,,,,,,,,,,,,,48.0686831,16.3561206
Laxenburg,0,43.10248,24.35736,27.43686,5.1033,45,413.2592,0.1378992,,0.3883205,2.69703,2.036463,10.4189,,,,,,,,,,,,,48.0686831,16.3561206
Laxenburg,0,52.39314,25.82442,18.71581,3.066628,45,347.802,0.1932897,,2.581966,2.696615,2.139424,8.867243,,,,,,,,,,,,,48.0686831,16.3561206
Laxenburg,0,43.10248,24.35736,27.43686,5.1033,45,413.2592,0.1378992,,0.3883205,2.69703,2.036463,10.4189,,,,,,,,,,,,,48.0686831,16.3561206
Laxenburg,0,47.9198,25.97246,20.45765,5.650087,56,675.9965,0.3377514,,1.213255,2.692165,2.072817,9.218647,,,,,,,,,,,,,48.0686831,16.3561206
Laxenburg,1.934934,46.54763,21.86434,25.71374,3.939353,67,583.1415,0.08688325,,1.333603,2.691755,2.033278,9.55207,,,,,,,,,,,,,48.0686831,16.3561206
Laxenburg,0,51.64108,25.92971,19.0632,3.366011,45,371.9765,0.1870831,,2.370134,2.69406,2.118914,8.001458,,,,,,,,,,,,,48.0686831,16.3561206
Laxenburg,0,52.39314,25.82442,18.71581,3.066628,45,347.802,0.1932897,,2.581966,2.696615,2.139424,8.867243,,,,,,,,,,,,,48.0686831,16.3561206
Laxenburg,0,43.10248,24.35736,27.43686,5.1033,45,413.2592,0.1378992,,0.3883205,2.69703,2.036463,10.4189,,,,,,,,,,,,,48.0686831,16.3561206
Laxenburg,0,3.574628,46.2983,40.55768,9.569401,25,41.47092,3.461251,,0.06263465,2.69953,1.931458,11.95055,,,,,,,,,,,,,48.0686831,16.3561206
Laxenburg,0,6.727827,27.19623,56.22014,9.855807,25,23.22255,1.917169,,0.03274909,2.6998,1.724447,18.42002,,,,,,,,,,,,,48.0686831,16.3561206
Laxenburg,0,3.009605,22.20948,62.7906,11.99032,18,24.05391,1.819598,,0.025941,2.7,1.752142,17.81024,,,,,,,,,,,,,48.0686831,16.3561206
Laxenburg,0,1.269913,28.40619,59.20745,11.11645,12.5,23.31848,1.670482,,0.02676087,2.7,1.736239,18.45908,,,,,,,,,,,,,48.0686831,16.3561206
Laxenburg,0,87.46506,9.835739,2.23421,0.4649935,56,18.09231,3.480761,1,12.96582,2.65,2.221003,6.467745,,,,,,,,,,,,,48.0686831,16.3561206
Laxenburg,0,2.181643,20.26587,64.00285,13.54964,18,,,,0.02033007,2.65,2.221003,6.467745,,,,,,,,,,,,,48.0686831,16.3561206
Laxenburg,0,2.181643,20.26587,64.00285,13.54964,18,,,,0.02033007,2.7,1.699781,19.37602,,,,,,,,,,,,,48.0686831,16.3561206
Laxenburg,0,2.446181,19.90779,63.82864,13.81739,25,,,,0.01901481,2.699865,1.718262,18.63571,,,,,,,,,,,,,48.0686831,16.3561206
Laxenburg,0,2.046353,24.9919,62.92817,10.03358,12.5,19.12546,1.675505,,0.02719202,2.7,1.714392,18.57706,,,,,,,,,,,,,48.0686831,16.3561206
Laxenburg,0,4.56481,29.48119,56.79939,9.154605,25,21.43641,1.617768,,0.03424571,2.69982,1.76533,17.08352,,,,,,,,,,,,,48.0686831,16.3561206
Laxenburg,0,0.02283454,1.604414,76.36787,22.00488,4,,,,0.01061216,2.699515,1.724323,18.38991,,,,,,,,,,,,,48.0686831,16.3561206
Laxenburg,0,0,0.4860818,74.78216,24.73176,2,,,,0.009352736,2.75,1.718035,19.48193,,,,,,,,,,,,,48.0686831,16.3561206
Laxenburg,0,0.02283454,1.604414,76.36787,22.00488,4,,,,0.01061216,2.75,1.718035,19.48193,,,,,,,,8.83E-09,,,,,48.0686831,16.3561206
Laxenburg,0,0.1413763,2.164435,59.27268,38.4215,4,,,,0.004261015,2.75,1.880441,14.63669,,,,,,,,4.42E-11,,,,,48.0686831,16.3561206
Laxenburg,0,0,0.5302489,76.28344,23.18631,2,,,,0.01039616,2.75,2.221144,6.553334,,,,,,,,3.08E-10,,,,,48.0686831,16.3561206
Laxenburg,0,0,0.4860818,74.78216,24.73176,2,,,,0.009352736,2.75,2.139424,8.867243,,,,,,,,3.89E-10,,,,,48.0686831,16.3561206
Laxenburg,0,0,0.3197312,77.08632,22.59395,2,,,,0.0100002,2.75,1.714392,18.57706,,,,,,,,9.99E-10,,,,,48.0686831,16.3561206
Laxenburg,0,0,0.4860818,74.78216,24.73176,2,,,,0.009352736,2.75,1.708131,18.66645,,,,,,,,,,,,,48.0686831,16.3561206
Laxenburg,0,0,0.3197312,77.08632,22.59395,2,,,,0.0100002,2.75,1.71792,19.63675,,,,,,,,,,,,,48.0686831,16.3561206
Laxenburg,0,34.6823,43.97253,17.93463,3.410537,45,51.04896,1.618966,,0.01307526,2.695555,2.212816,6.983354,,,,,,,,,,,,,48.0686831,16.3561206
Laxenburg,0,38.58182,31.56703,25.79476,4.056391,45,181.0422,0.3770398,,0.007731295,2.696345,2.036463,10.4189,,,,,,,,,,,,,48.0686831,16.3561206
Laxenburg,0,28.13124,48.49364,20.16421,3.210903,56,32.66132,4.774488,,0.01078754,2.696585,1.71792,19.63675,,,,,,,,,,,,,48.0686831,16.3561206
Laxenburg,1.125199,39.38444,43.59481,13.85225,2.043307,67,84.72549,0.9129725,,0.02526486,2.69311,1.718035,19.48193,,,,,,,,,,,,,48.0686831,16.3561206
Laxenburg,0,30.50662,29.43542,34.38619,5.671767,45,66.45729,0.6266007,,0.005268397,2.697285,1.947893,12.27317,,,,,,,,,,,,,48.0686831,16.3561206
Laxenburg,0,28.77014,28.48296,36.97785,5.769051,56,51.04874,0.7138796,,0.004654182,2.695655,1.880441,14.63669,,,,,,,,,,,,,48.0686831,16.3561206
Laxenburg,0,32.20175,32.97849,29.48561,5.334148,45,63.4033,0.9101462,,0.005952697,2.69631,1.97618,12.43678,,,,,,,,,,,,,48.0686831,16.3561206
Laxenburg,0,37.77482,34.63174,23.29059,4.30285,45,125.4391,0.6098359,,0.008953965,2.69478,2.00103,10.79979,,,,,,,,,,,,,48.0686831,16.3561206
Laxenburg,0,38.14908,30.64094,26.00861,5.201365,45,183.0424,0.4045146,,0.006659524,2.69405,1.9909,11.07841,,,,,,,,,,,,,48.0686831,16.3561206
Laxenburg,0.7921219,47.27333,26.90842,20.88531,4.140826,67,496.6954,0.3080841,1,0.009378114,2.69291,2.082877,8.922019,,,,,,,,,,,,,48.0686831,16.3561206
Laxenburg,0,42.13046,30.23722,22.44702,5.185302,45,381.0399,0.3771867,,0.006610376,2.696035,2.101588,9.082853,,,,,,,,,,,,,48.0686831,16.3561206
Laxenburg,0,44.01051,29.53913,21.56663,4.883732,45,401.283,0.506009,1,0.007018701,2.65,2.114867,7.969154,,,,,,,,,,,,,48.0686831,16.3561206
Laxenburg,0,47.9198,25.97246,20.45765,5.650087,56,675.9965,0.3377514,1,0.006928909,2.692165,2.072817,9.218647,,,,,,,,,,,,,48.0686831,16.3561206
Laxenburg,1.934934,46.54763,21.86434,25.71374,3.939353,67,583.1415,0.08688325,1,0.009093402,2.691755,2.033278,9.55207,,,,,,,,,,,,,48.0686831,16.3561206
Laxenburg,0,51.64108,25.92971,19.0632,3.366011,45,371.9765,0.1870831,2,0.01440405,2.69406,2.118914,8.001458,,,,,,,,,,,,,48.0686831,16.3561206
Laxenburg,0,52.39314,25.82442,18.71581,3.066628,45,347.802,0.1932897,3,0.01527082,2.696615,2.139424,8.867243,,,,,,,,,,,,,48.0686831,16.3561206
Laxenburg,10.81365,44.39271,19.17579,21.60018,4.017669,75,919.2008,0.1002047,,4.105321,2.69703,2.036463,10.4189,,,,,,,,,,,,,48.0686831,16.3561206
Laxenburg,0,3.009605,22.20948,62.7906,11.99032,18,24.05391,1.935193,,0.00153596,2.7,1.752142,17.81024,,,,,,,,,,,,,48.0686831,16.3561206
Laxenburg,0,1.269913,28.40619,59.20745,11.11645,12.5,23.31848,1.670482,,0.001734649,2.7,1.736239,18.45908,,,,,,,,,,,,,48.0686831,16.3561206
Laxenburg,0,2.181643,20.26587,64.00285,13.54964,18,,,,,2.7,1.699955,19.33498,,,,,,,,,,,,,48.0686831,16.3561206
Laxenburg,0,2.446181,19.90779,63.82864,13.81739,25,,,,,2.699865,1.718262,18.63571,,,,,,,,,,,,,48.0686831,16.3561206
Laxenburg,0,2.046353,24.9919,62.92817,10.03358,12.5,19.12546,1.675505,,0.001992455,2.7,1.714392,18.57706,,,,,,,,,,,,,48.0686831,16.3561206
Laxenburg,0,3.574628,46.2983,40.55768,9.569401,25,41.47092,3.461251,,0.002187178,2.69953,1.931458,11.95055,,,,,,,,,,,,,48.0686831,16.3561206
Laxenburg,0,3.284597,26.26346,56.7294,13.72254,25,,,,,2.69982,1.76533,17.08352,,,,,,,,,,,,,48.0686831,16.3561206
Laxenburg,0,4.56481,29.48119,56.79939,9.154605,25,21.43641,1.617768,,0.002282401,2.699515,1.724323,18.38991,,,,,,,,,,,,,48.0686831,16.3561206
Haag,,,,,,,,,,,2.75,1.773542,15.33652,,,,,,,,,,,,,48.1118898,14.5660884
Heidenreichstein,0,15.9,52.3,27.5,4.2,35.5,63.8,1.4,,0.209,,,,27.19,22.55,21.4,4.64,,0,0.686,,,,,,48.8657996,15.1230155
Dobersberg,0,12.08102,48.78663,31.8096,7.322755,25,78.3989,0.8573054,,0.1358391,,,,35.61182,23.02268,19.87539,12.58914,,0,1.408181,,,,,,48.9162587,15.3209854
Dobersberg,0,0.7980466,28.22031,44.31174,26.6699,4,,,,0.01351444,,,,44.06642,22.7788,17.4569,21.28762,,0,0.708171,,,,,,48.9162587,15.3209854
Dobersberg,0,4.7593,53.46544,35.24621,6.529056,8,54.68539,0.8643967,,0.1115805,,,,24.77654,18.77386,17.27318,6.002683,,0,0.5594299,,,,,,48.9162587,15.3209854
Waldkirchen,0,10.42575,19.33919,52.1907,18.04437,45,,,,0.0251726,,,,30.12561,16.40389,12.97345,13.72173,,1.864606,0.6454247,,,,,,48.43897,13.82196
Waldkirchen,0,0.1800597,16.7625,61.82254,21.23491,4,,,,0.01161626,,,,43.739,19.07531,12.90939,24.66369,,0,1.119042,,,,,,48.43897,13.82196
Waldkirchen,0,0.6580234,17.3412,63.76862,18.23215,4,,,,0.01423908,,,,36.55104,21.72002,18.01227,14.83102,,0,0.7732542,,,,,,48.43897,13.82196
Waldkirchen,0,0.162679,17.55934,60.61186,21.66612,4,,,,0.01237402,,,,30.18306,20.80838,18.46471,9.374681,,0,0.4188866,,,,,,48.43897,13.82196
Sitzendorf an der Schmida,0,0,3.885436,61.24313,34.87143,2,,,,0.005149653,,,,48.35713,20.49594,13.53065,27.86118,,1.284121,0.7948983,,,,,,48.5986049,15.9416906
Sitzendorf an der Schmida,0,0.9762049,26.53531,47.23259,25.25589,12.5,,,,0.01709132,,,,40.5486,17.00498,11.11908,23.54361,,0,0.8617721,,,,,,48.5986049,15.9416906
Sitzendorf an der Schmida,0,0,8.186001,62.99134,28.82265,2,,,,0.007207977,,,,53.97487,22.79099,14.99501,31.18389,,1.121248,1.077908,,,,,,48.5986049,15.9416906
Sitzendorf an der Schmida,0,0.1275539,7.23089,66.72174,25.91982,4,,,,0.008486994,,,,40.49364,17.69535,11.99577,22.7983,,1.026991,0.8718278,,,,,,48.5986049,15.9416906
Sitzendorf an der Schmida,0,0.04727244,8.831161,68.23025,22.89131,4,,,,0.008572681,2.75,1.637121,22.29682,,,,,,,,,,,,,48.5986049,15.9416906
Sitzendorf an der Schmida,0,5.627078,35.14454,39.46615,19.76222,35.5,,,,0.03345386,2.74757,1.83679,16.16458,,,,,,,,,,,,,48.5986049,15.9416906
Sitzendorf an der Schmida,0,0.2066135,18.88366,66.00453,14.9052,12.5,,,,0.01766354,2.75,1.796111,17.41557,,,,,,,,2.69E-11,,,,,48.5986049,15.9416906
Sitzendorf an der Schmida,0,0.3980637,14.16421,47.47165,37.96608,12.5,,,,0.004922353,2.75,1.722499,19.26758,,,,,,,,,,,,,48.5986049,15.9416906
Sitzendorf an der Schmida,0,0.8825123,14.07566,53.61525,31.42658,8,,,,0.007223287,2.7,1.793571,17.32726,,,,,,,,1.24E-11,,,,,48.5986049,15.9416906
Sitzendorf an der Schmida,0,0.3454268,15.22225,47.08876,37.34357,8,,,,0.005138247,2.75,1.751285,18.34857,,,,,,,,1.31E-11,,,,,48.5986049,15.9416906
Sitzendorf an der Schmida,0,2.680069,26.71858,53.90546,16.69589,8,,,,0.0196956,2.7,1.783344,16.53505,,,,,,,,1.95E-10,,,,,48.5986049,15.9416906
Sitzendorf an der Schmida,0,0.3765464,14.95011,62.59075,22.08259,8,,,,0.01307218,2.75,1.798579,16.57572,,,,,,,,,,,,,48.5986049,15.9416906
Sitzendorf an der Schmida,0,0.873363,16.04185,46.56806,36.51673,8,,,,0.005249031,2.75,1.69731,19.07359,,,,,,,,,,,,,48.5986049,15.9416906
Sitzendorf an der Schmida,0,0.8228183,17.94634,55.79105,25.43979,8,,,,0.009446765,2.75,1.718026,18.7211,,,,,,,,,,,,,48.5986049,15.9416906
Langenlois,0,0.8,13.8,74.6,10.7,18,13.4,2,,0.019,,,,,,,,,,,,1.6,33.5,1.3,33.5,48.472601,15.676295
Langenlois,,,,,,,,,,,,,,,,,,,,,,2.6,31.7,3,31.4,48.472601,15.676295
Langenlois,,,,,,,,,,,,,,,,,,,,,,1.6,32.4,0.9,32.4,48.472601,15.676295
Langenlois,0,0.7,14.9,68.6,15.8,8,,,,0.017,2.75,1.852,15.2,30.59,20.05,17.42,10.54,,1.08,0.655,7.09E-10,1.8,31.9,1.2,31.9,48.472601,15.676295
Langenlois,0.9,60.3,25.7,8.9,4.2,67,669.1158,1.2,,6.959,,,,,,,,,,,,3.3,19.8,3.8,19.6,48.472601,15.676295
Langenlois,0,0.1,48.6,25.7,25.6,4,,,,0.052,,,,,,,,,,,,6.2,19.9,6.9,19.7,48.472601,15.676295
Langenlois,0,0.1,12.8,70,17.1,4,,,,0.017,,,,,,,,,,,,0,19.9,0,33.3,48.472601,15.676295
Langenlois,0,0,11.3,70.4,18.3,2,,,,0.15,2.7,1.85,15.2,,,,,,,,,0.9,31.8,2.1,31.8,48.472601,15.676295
Langenlois,0,3.7,18,50.9,27.4,12.5,,,,0.011,2.702,1.78,17.34,,,,,,,,1.22E-11,7.1,16.8,7.6,16.7,48.472601,15.676295
Langenlois,0,0,20.5,60.9,18.5,4,,,,0.018,2.722,1.78,17.31,,,,,,,,4.55E-10,3.9,32.9,2.6,33,48.472601,15.676295
Langenlois,,,,,,,,,,,2.75,1.779,17.3,,,,,,,,1.22E-11,5.9,16.1,7.6,16.7,48.472601,15.676295
Sankt Valentin,0,0,1.2,52.8,46,2,,,,0.003,2.753,1.623,20.6,67.72,24.4,13.57,43.32,,0.92,0.94,3.20E-11,6.8,18.8,6.8,17.4,48.16847735,14.54962453
Sankt Valentin,0,0.8,8.5,65.4,25.3,8,,,,0.008,2.746,1.736,18.1,39.92,21,16.29,18.91,,0.818,0.74,1.22E-08,6.1,25.8,5.4,25.7,48.16847735,14.54962453
Gneixendorf,0,0,11.9,80.5,7.6,0.2,9.8,1.3,0.003,0.018,2.75,1.692,19.7,43.7,22.6,17.4,21.1,21.3,1.062,,,10.9,22.4,10.5,21.9,48.4381941,15.6184283
Gneixendorf,0,0,13.5,73.9,12.6,0.2,,,,0.013,2.75,1.621,22,50.3,24.2,16.9,29.1,19.7,1.052,,,5.7,25.5,3.1,25,48.4381941,15.6184283
Gneixendorf,0,0,10.5,78.7,10.8,0.2,10.2,1.4,0.002,0.014,2.75,1.618,22.1,62.5,25.1,15.7,37.4,22.1,1.08,,,9,24,5.7,23.7,48.4381941,15.6184283
Gneixendorf,0,0,9.4,74.6,16,0.2,,,,0.008,2.75,1.7,18.6,60.1,21.9,12.4,38.2,19.4,1.065,,,8.2,24.4,8.2,23.7,48.4381941,15.6184283
Gneixendorf,0,0,10.8,81.4,7.8,0.2,7.3,0.9,0.002,0.013,2.75,1.709,17.9,48.9,20.9,13.8,28.1,11.5,1.331,,,7.2,25.9,5.6,25.5,48.4381941,15.6184283
Gneixendorf,0,0,12.9,82,5.1,0.2,7,1,0.004,0.019,2.75,1.67,19.5,44.3,22.6,17.2,21.6,19.3,1.157,,,10.6,22.5,10.5,22.5,48.4381941,15.6184283
Gneixendorf,0,0,14.9,78.1,7.1,0.2,8.7,0.9,0.003,0.017,2.75,1.712,19,59.2,22.6,13.5,36.5,16.6,1.167,,,7.5,24.4,6.5,24.4,48.4381941,15.6184283
Gneixendorf,0,0,10.8,77.4,11.8,0.2,14.7,1.4,0.002,0.017,2.75,1.634,21.3,42.5,24.6,20.1,18,19.9,1.256,,,9.4,27.1,9.4,26.7,48.4381941,15.6184283
Gneixendorf,0,0,15.3,74,10.7,0.2,14.9,10,0.002,0.018,2.75,1.726,18.4,40.6,21.9,17.2,18.7,22.1,0.989,,,3.9,31,3.9,30.4,48.4381941,15.6184283
Gneixendorf,0,0,11.1,75.3,13.6,0.2,,,,0.011,2.75,1.698,19.3,42,22.2,17.2,19.8,21.3,1.045,,,7.8,21.8,6.8,21.4,48.4381941,15.6184283
Gneixendorf,0,0,11,75.5,13.3,0.2,,,,0.011,2.75,1.643,20.8,34.9,22.1,18.9,12.8,21.2,1.07,,,7.8,21.8,6.1,21.6,48.4381941,15.6184283
Tulln,0,0.05050302,4.845959,62.21754,32.886,4,,,,0.005,,,,,,,,,,,1.51E-10,,,,,48.3311702,16.05179
Tulln,0,0.02516508,5.209363,61.15761,33.60786,4,,,,0.005,,,,,,,,,,,2.78E-10,,,,,48.3311702,16.05179
Hollabrunn,0,1.197392,4.592615,56.84621,37.36379,18,,,,0.004,2.75,1.783152,17.99283,46.027,20.04,13.544,25.987,,1.345,0.642,2.18E-10,,,,,48.5625384,16.0798033
Hollabrunn,0,3.528976,8.271152,54.44561,33.75427,35.5,,,,0.005,2.75,1.80367,17.99283,44.968,20.945,14.94,24.022,,1.248,0.688,1.09E-10,,,,,48.5625384,16.0798033
Hollabrunn,0,0.04547834,3.905684,55.65324,40.3956,8,,,,0.003,2.75,1.748173,18.90913,41.948,19.706,14.145,22.242,,1.005,0.608,,1.9,23.5,3.3,22.8,48.5625384,16.0798033
Hollabrunn,0,0,9.645712,55.64259,34.71169,2,,,,0.005,2.75,1.792161,17.12414,,,,,,,,,,,,,48.5625384,16.0798033
Hollabrunn,0,0,10.81653,52.85227,36.33119,2,,,,0.004,2.75,1.764488,18.15374,,,,,,,,,,,,,48.5625384,16.0798033
Hollabrunn,0,0.2274036,16.70726,51.34117,31.72417,4,,,,0.006,2.75,1.838851,16.04738,,,,,,,,,,,,,48.5625384,16.0798033
Hollabrunn,0,38.14135,31.07735,20.70382,10.07748,45,829.0538,1.047542,0.001954949,0.587,2.69022,2.061423,10.42253,41.551,21.524,16.518,20.027,,1.1,0.67,,,,,,48.5625384,16.0798033
Hollabrunn,0,43.2434,37.36037,14.31146,5.084769,56,259.2403,2.494756,0.01012635,0.97,2.69022,2.046433,10.34204,,,,,,,,,,,,,48.5625384,16.0798033
Hollabrunn,0,0.149256,9.392726,60.71408,29.74394,4,,,,0.007,2.7,1.77972,17.10537,,,,,,,,,,,,,48.5625384,16.0798033
Hollabrunn,0,0,3.7431,57.08981,39.1671,2,,,,0.004,2.7,1.774622,16.94238,,,,,,,,,,,,,48.5625384,16.0798033
Hollabrunn,,,,,,,,,,,,,,,,,,,,,,,,,,48.5625384,16.0798033
Hollabrunn,0,0.1491666,9.531301,60.62113,29.6984,4,,,,0.007,2.7,1.784301,17.10537,,,,,,,,,,,,,48.5625384,16.0798033
Perchtolsdorf,0,20.97973,23.21847,42.04063,13.76117,35.5,,,,0.04,2.748,1.876772,13.82678,,,,,,,,,,,,,48.1228329,16.28487898
Perchtolsdorf,0,32.62637,21.15479,29.38961,16.82923,35.5,,,,0.083,2.746,1.816189,15.2992,,,,,,,,,,,,,48.1228329,16.28487898
Perchtolsdorf,0,39.40663,28.67211,19.15197,12.76929,35.5,,,,0.598,2.7445,1.832514,15.71771,,,,,,,,,,,,,48.1228329,16.28487898
Perchtolsdorf,0,32.7408,25.6192,22.98007,18.65992,35.5,,,,0.136,2.7415,1.790913,16.6326,,,,,,,,,,,,,48.1228329,16.28487898
Perchtolsdorf,0,4.764968,6.611204,75.94287,12.68096,18,,,,0.015,2.75,1.740417,17.42525,,,,,,,,,,,,,48.1228329,16.28487898
Perchtolsdorf,0,5.307955,7.871747,66.20598,20.61431,18,,,,0.011,2.75,1.692984,17.86486,,,,,,,,,,,,,48.1228329,16.28487898
Perchtolsdorf,0,4.774725,13.91543,65.52973,15.78012,18,,,,0.015,2.75,1.727984,17.5298,,,,,,,,,,,,,48.1228329,16.28487898
Perchtolsdorf,0,6.245023,6.994146,69.40997,17.35086,18,,,,0.012,2.75,1.729792,18.36067,,,,,,,,,,,,,48.1228329,16.28487898
Perchtolsdorf,0,3.382355,11.93069,57.7264,26.96056,18,,,,0.008,2.75,1.840289,14.8725,,,,,,,,,,,,,48.1228329,16.28487898
Perchtolsdorf,0,5.209208,14.72222,57.45248,22.61609,18,,,,0.01,2.75,1.828747,15.59377,,,,,,,,,,,,,48.1228329,16.28487898
Perchtolsdorf,0,12.54912,25.33322,40.49771,21.61994,18,,,,0.02,2.75,1.888054,14.45268,,,,,,,,,,,,,48.1228329,16.28487898
Perchtolsdorf,0,10.00541,13.02442,46.09151,30.87866,25,,,,0.008,2.75,1.89407,14.43629,,,,,,,,,,,,,48.1228329,16.28487898
Perchtolsdorf,0,6.711918,25.17793,48.80089,19.30926,18,,,,0.016,2.75,1.860787,14.55811,,,,,,,,,,,,,48.1228329,16.28487898
Perchtolsdorf,0,21.05539,23.71817,41.25734,13.9691,25,,,,0.04,2.75,1.856526,14.12745,,,,,,,,,,,,,48.1228329,16.28487898
Perchtolsdorf,0,25.68684,22.62427,34.35115,17.33775,56,,,,0.053,2.7,1.893518,12.91209,,,,,,,,,,,,,48.1228329,16.28487898
Perchtolsdorf,0,30.3645,21.28146,36.84519,11.50884,35.5,,,,0.07,2.74474,2.037863,10.4073,,,,,,,,,,,,,48.1228329,16.28487898
Perchtolsdorf,0,12.77142,24.62667,47.16378,15.43813,35.5,,,,0.028,2.74844,1.868908,14.14729,,,,,,,,,,,,,48.1228329,16.28487898
Perchtolsdorf,0,18.60132,37.65476,28.58431,15.15961,35.5,,,,0.099,2.7475,1.88942,12.80429,,,,,,,,,,,,,48.1228329,16.28487898
Perchtolsdorf,0,30.27172,19.62863,38.45928,11.64037,35.5,113.7961,0.6701569,0.001538341,0.063,2.7437,1.991049,11.63943,,,,,,,,,,,,,48.1228329,16.28487898
Perchtolsdorf,0,32.80396,15.55343,38.86312,12.77949,45,,,,0.053,2.74807,1.927255,12.19719,,,,,,,,,,,,,48.1228329,16.28487898
Perchtolsdorf,0,36.75953,19.35347,34.62757,9.25943,56,434.3984,0.1174147,0.002354699,0.1,2.7327,1.996561,11.12872,,,,,,,,,,,,,48.1228329,16.28487898
Perchtolsdorf,0,15.89968,20.8967,53.5086,9.695011,35.5,25.42202,2.820721,0.00210907,0.036,2.7491,1.998625,10.53798,,,,,,,,,,,,,48.1228329,16.28487898
Perchtolsdorf,0,14.13063,19.77797,52.21707,13.87434,35.5,,,,0.03,,,,,,,,,,,,,,,,48.1228329,16.28487898
Perchtolsdorf,0,10.11996,19.62807,56.52804,13.72394,35.5,,,,0.027,,,,,,,,,,,,,,,,48.1228329,16.28487898
Perchtolsdorf,0,33.97332,21.14363,36.19752,8.685531,45,311.7827,0.1946813,0.002427524,0.091,,,,,,,,,,,,,,,,48.1228329,16.28487898
Perchtolsdorf,0,25.56027,22.72795,31.95649,19.75529,35.5,,,,0.052,2.7487,1.844664,15.33487,,,,,,,,,,,,,48.1228329,16.28487898
Perchtolsdorf,0,25.10549,24.89726,35.03183,14.96542,35.5,,,,0.063,2.7484,1.85612,14.55783,,,,,,,,,,,,,48.1228329,16.28487898
Perchtolsdorf,0,24.18826,23.67178,38.00729,14.13267,35.5,,,,0.052,2.7473,1.951812,12.77735,,,,,,,,,,,,,48.1228329,16.28487898
Perchtolsdorf,0,24.339,21.57239,34.62443,19.46419,35.5,,,,0.039,2.7468,1.865901,14.7002,,,,,,,,,,,,,48.1228329,16.28487898
Perchtolsdorf,0,15.89968,20.8967,53.5086,9.695011,35.5,25.42202,2.820721,0.00210907,0.036,2.7491,1.998625,10.53798,,,,,,,,,,,,,48.1228329,16.28487898
Perchtolsdorf,0,14.13063,19.77797,52.21707,13.87434,35.5,,,,0.03,2.7488,1.963387,10.97176,,,,,,,,,,,,,48.1228329,16.28487898
Perchtolsdorf,0,10.11996,19.62807,56.52804,13.72394,35.5,,,,0.027,2.7496,1.914899,12.3776,,,,,,,,,,,,,48.1228329,16.28487898
Perchtolsdorf,0,33.97332,21.14363,36.19752,8.685531,45,311.7827,0.1946813,0.002427524,0.091,2.7404,2.022603,9.905382,,,,,,,,,,,,,48.1228329,16.28487898
,,,,,,,,,,,,,,,,,,,,,,3.8,23.6,3.6,23.1,,
Maria Enzensdorf,,,,,,,,,,,,,,,,,,,,,,4.7,23.31,4.7,22.5,,
Hohenruppersdorf,0,0.23,10.78,69.54,19.46,8,,,,0.009,,,,,,,,,,,,,,,,48.4642356,16.6508678
Hohenruppersdorf,0,0.29,8.72,78.8,12.19,4,13.34357,1.92087,,0.015,,,,,,,,,,,,,,,,48.4642356,16.6508678
Hohenruppersdorf,0,0.08,4.21,62.82,32.88,4,,,,0.004,2.75,1.561326,9.053819,,,,,,,,,,,,,48.4642356,16.6508678
Hohenruppersdorf,0,60.03,31.75,6.71,1.51,56,60.42763,0.4438381,,4.217,,,,,,,,,,,,,,,,48.4642356,16.6508678
Hohenruppersdorf,0,0.22,6.48,55.26,38.04,4,,,,0.004,,,,,,,,,,,,,,,,48.4642356,16.6508678
Hohenruppersdorf,0,0.25,8.79,61.67,29.3,4,,,,0.005,,,,,,,,,,,,,,,,48.4642356,16.6508678
Hohenruppersdorf,0,0.36,9.84,63.35,26.45,4,,,,0.006,,,,,,,,,,,,,,,,48.4642356,16.6508678
Hohenruppersdorf,0,1.1,7.59,57.48,33.84,8,,,,0.005,,,,,,,,,,,,,,,,48.4642356,16.6508678
Hohenruppersdorf,0,0.11,5.33,61.79,32.78,4,,,,0.005,,,,,,,,,,,,,,,,48.4642356,16.6508678
Hohenruppersdorf,,,,,,,,,,,,,,,,,,,,,,,,,,48.4642356,16.6508678
Hohenruppersdorf,0,0.21,5.92,62.4,31.47,4,,,,0.005,,,,,,,,,,,,,,,,48.4642356,16.6508678
Hohenruppersdorf,0,0.33,13.29,60.5,25.87,4,,,,0.009,,,,,,,,,,,,,,,,48.4642356,16.6508678
Hohenruppersdorf,0,0.43,8.37,64.79,26.41,4,,,,0.007,,,,,,,,,,,,,,,,48.4642356,16.6508678
Hohenruppersdorf,0,0,11.61,63.06,25.33,2,,,,0.008,,,,,,,,,,,,,,,,48.4642356,16.6508678
Hohenruppersdorf,0,0.35,5.7,61.56,32.38,4,,,,0.005,2.75,1.685378,20.10138,,,,,,,,,,,,,48.4642356,16.6508678
Hohenruppersdorf,0,0.94,5.12,63.66,30.28,8,,,,0.006,2.75,1.636862,22.05037,,,,,,,,,,,,,48.4642356,16.6508678
Hohenruppersdorf,0,0.72,8.89,66.61,23.78,4,,,,0.007,2.75,1.637862,21.6623,,,,,,,,,,,,,48.4642356,16.6508678
Hohenruppersdorf,0,3,12.07,64.8,20.13,18,,,,0.017,,,,,,,,,,,,,,,,48.4642356,16.6508678
Hohenruppersdorf,0,0,12.12,50.15,37.73,2,,,,0.005,,,,,,,,,,,,,,,,48.4642356,16.6508678
Hohenruppersdorf,0,0.12,12.66,59.28,27.95,4,,,,0.007,,,,,,,,,,,,,,,,48.4642356,16.6508678
Hohenruppersdorf,0,1.08,8.49,61.64,28.79,8,,,,0.006,,,,,,,,,,,,,,,,48.4642356,16.6508678
Hohenruppersdorf,0,0.03,5.58,60.93,33.46,4,,,,0.005,,,,,,,,,,,,,,,,48.4642356,16.6508678
Hohenruppersdorf,0,0.96,9.15,61.85,28.03,8,,,,0.006,,,,,,,,,,,,,,,,48.4642356,16.6508678
Hohenruppersdorf,0,0.09,11.89,57.31,30.71,4,,,,0.006,,,,,,,,,,,,,,,,48.4642356,16.6508678
Hohenruppersdorf,0,0.12,11.28,57.16,31.44,4,,,,0.005,,,,,,,,,,,,,,,,48.4642356,16.6508678
Hohenruppersdorf,0,0.18,10.1,76.55,13.16,4,,,,0.017,,,,,,,,,,,,,,,,48.4642356,16.6508678
Hohenruppersdorf,0,0.53,44.64,52.3,2.53,8,6.51917,2.124672,,0.058,,,,,,,,,,,,,,,,48.4642356,16.6508678
Hohenruppersdorf,0,1.06,11.23,56.53,31.17,8,,,,0.006,,,,,,,,,,,,,,,,48.4642356,16.6508678
Hohenruppersdorf,0,2.65,8.92,57.3,31.14,8,,,,0.006,,,,,,,,,,,,,,,,48.4642356,16.6508678
Hohenruppersdorf,0,0.52,8.08,66.7,24.7,8,,,,0.008,,,,,,,,,,,,,,,,48.4642356,16.6508678
Hohenruppersdorf,0,0.3,10.11,61.09,28.5,4,,,,0.007,,,,,,,,,,,,,,,,48.4642356,16.6508678
Hohenruppersdorf,0,0.3,13.57,59.24,26.88,4,,,,0.009,,,,,,,,,,,,,,,,48.4642356,16.6508678
Hohenruppersdorf,0,1.69,12.01,56.58,29.71,4,,,,0.006,,,,,,,,,,,,,,,,48.4642356,16.6508678
Hohenruppersdorf,0,0.07,11.47,52.63,35.83,4,,,,0.004,,,,,,,,,,,,,,,,48.4642356,16.6508678
Hohenruppersdorf,0,0.44,9.33,53.6,36.63,4,,,,0.004,,,,,,,,,,,,,,,,48.4642356,16.6508678
Hohenruppersdorf,0,1.21,10.6,56.74,31.45,4,,,,0.006,,,,,,,,,,,,,,,,48.4642356,16.6508678
Hohenruppersdorf,0,0.17,8.97,56.11,34.75,4,,,,0.005,,,,,,,,,,,,,,,,48.4642356,16.6508678
Hohenruppersdorf,0,0.1,13.72,60.37,25.81,4,,,,0.008,,,,,,,,,,,,,,,,48.4642356,16.6508678
Hohenruppersdorf,0,0.6,14.27,61.89,23.24,8,,,,0.01,,,,,,,,,,,,,,,,48.4642356,16.6508678
Hohenruppersdorf,0,0.4,17.71,55.14,26.75,4,,,,0.009,,,,,,,,,,,,,,,,48.4642356,16.6508678
Hohenruppersdorf,0,0.1,15.66,56.08,28.16,4,,,,0.007,,,,,,,,,,,,,,,,48.4642356,16.6508678
Hohenruppersdorf,0,0.81,14.81,65.54,18.83,8,,,,0.017,2.75,1.781683,16.78592,,,,,,,,2.71E-10,,,,,48.4642356,16.6508678
Hohenruppersdorf,0,0.96,19.84,64.35,14.86,8,,,,0.023,2.75,1.787274,16.35875,,,,,,,,1.96E-10,,,,,48.4642356,16.6508678
Hohenruppersdorf,0,0.2,15.09,56.67,28.04,4,,,,0.007,,,,,,,,,,,4.71E-09,,,,,48.4642356,16.6508678
Hohenruppersdorf,0,0.03,13.95,54.73,31.29,4,,,,0.007,,,,,,,,,,,,,,,,48.4642356,16.6508678
Hohenruppersdorf,0,0.62,13.65,52.56,33.16,4,,,,0.007,,,,,,,,,,,6.28E-11,,,,,48.4642356,16.6508678
Hohenruppersdorf,0,0.37,13.32,56.91,29.4,4,,,,0.008,,,,,,,,,,,,,,,,48.4642356,16.6508678
Hohenruppersdorf,0,0.4,12.03,54.94,32.64,4,,,,0.006,,,,,,,,,,,3.96E-11,,,,,48.4642356,16.6508678
Hohenruppersdorf,0,1.22,11.51,52.19,35.08,8,,,,0.006,,,,,,,,,,,2.51E-11,,,,,48.4642356,16.6508678
Hohenruppersdorf,,,,,,,,,,,,,,,,,,,,,,,,,,48.4642356,16.6508678
Hohenruppersdorf,0,7.35,21.55,60.26,10.84,45,22.98499,1.126303,,0.026,,,,,,,,,,,,,,,,48.4642356,16.6508678
Hohenruppersdorf,0,13.55,5.75,52.54,28.16,45,,,,0.006,,,,,,,,,,,,,,,,48.4642356,16.6508678
Hohenruppersdorf,0,0,0.72,54.19,45.09,1,,,,0.003,,,,,,,,,,,,,,,,48.4642356,16.6508678
Hohenruppersdorf,0,3.19,20.1,59.66,17.05,12.5,,,,0.019,2.75,1.666818,20.91081,,,,,,,,,,,,,48.4642356,16.6508678
Hohenruppersdorf,0,2.71,11.91,64.17,21.21,18,,,,0.012,2.75,1.686233,20.41449,,,,,,,,,,,,,48.4642356,16.6508678
Hohenruppersdorf,0,3.47,10.71,63.18,22.64,18,,,,0.01,2.75,1.77173,17.98273,,,,,,,,2.13E-10,,,,,48.4642356,16.6508678
Hohenruppersdorf,0,0.85,9.56,58.82,30.77,12.5,,,,0.007,2.75,1.760298,18.49987,,,,,,,,,,,,,48.4642356,16.6508678
Hohenruppersdorf,0,0.49,12.75,59.18,27.59,18,,,,0.009,2.75,1.759269,17.38486,,,,,,,,,,,,,48.4642356,16.6508678
Hohenruppersdorf,0,0.46,15.77,58.67,25.1,18,,,,0.011,2.75,1.781821,17.56228,,,,,,,,,,,,,48.4642356,16.6508678
Hohenruppersdorf,0,0.19,20.07,70.29,9.45,4,15.15047,1.504943,,0.023,,,,,,,,,,,,,,,,48.4642356,16.6508678
Hohenruppersdorf,0,0,3.45,55.07,41.47,2,,,,0.003,2.75,1.695632,19.91786,,,,,,,,,,,,,48.4642356,16.6508678
Hohenruppersdorf,0,0,0.66,55.96,43.39,1,,,,0.003,2.75,1.627917,21.55397,,,,,,,,,,,,,48.4642356,16.6508678
Hohenruppersdorf,0,0,27.1,71.97,0.93,2,3.95913,1.2698,,0.041,2.75,1.538061,22.33536,,,,,,,,,,,,,48.4642356,16.6508678
Hohenruppersdorf,0,0,2.36,58.71,38.94,1,,,,0.003,2.75,1.681021,20.50583,,,,,,,,,,,,,48.4642356,16.6508678
Hohenruppersdorf,0,0,9.26,60.82,29.93,2,,,,0.006,2.75,1.704515,19.27316,,,,,,,,2.25E-10,,,,,48.4642356,16.6508678
Hohenruppersdorf,0,0,4.76,56.71,38.53,1,,,,0.004,2.75,1.711233,20.02194,,,,,,,,,,,,,48.4642356,16.6508678
Hohenruppersdorf,0,0,4.77,60.95,34.28,2,,,,0.005,2.75,1.656912,20.12464,,,,,,,,,5,22.2,5.8,21.9,48.4642356,16.6508678
Hohenruppersdorf,0,0,5.93,59.53,34.54,2,,,,0.004,2.75,1.659055,20.92632,,,,,,,,1.47E-10,,,,,48.4642356,16.6508678
Hohenruppersdorf,0,0,1.34,61.84,36.82,2,,,,0.004,2.75,1.69072,19.48741,,,,,,,,,,,,,48.4642356,16.6508678
Hohenruppersdorf,0,0,4.38,54.53,41.09,2,,,,0.003,2.75,1.698288,20.18901,,,,,,,,,,,,,48.4642356,16.6508678
Hohenruppersdorf,0,0,9.84,51.43,38.73,2,,,,0.004,2.75,1.720403,18.58515,,,,,,,,,,,,,48.4642356,16.6508678
Hohenruppersdorf,0,0,5.34,53.32,41.34,1,,,,0.003,2.75,1.64046,20.88397,,,,,,,,,,,,,48.4642356,16.6508678
Hohenruppersdorf,0,0,5.7,56.7,37.6,1,,,,0.004,2.75,1.694633,19.76306,,,,,,,,2.90E-10,,,,,48.4642356,16.6508678
Hohenruppersdorf,0,0,11.41,59.37,29.21,2,,,,0.007,2.75,1.716042,18.75393,,,,,,,,2.39E-10,,,,,48.4642356,16.6508678
Hohenruppersdorf,0,0.04,16.7,66.33,16.92,4,,,,0.022,2.75,1.806655,16.3233,,,,,,,,,,,,,48.4642356,16.6508678
Hohenruppersdorf,0,0.09,14.94,67.68,17.29,4,,,,0.014,,,,,,,,,,,,,,,,48.4642356,16.6508678
Hohenruppersdorf,0,0,6.96,54.99,38.05,2,,,,0.004,2.75,1.706875,19.59089,,,,,,,,,,,,,48.4642356,16.6508678
Hohenruppersdorf,0,0.05,9.31,56.59,34.06,4,,,,0.006,2.75,1.758152,17.82439,,,,,,,,,,,,,48.4642356,16.6508678
Hohenruppersdorf,0,0.02,12.76,53.44,33.77,4,,,,0.006,2.75,1.742206,18.65127,,,,,,,,,,,,,48.4642356,16.6508678
Hohenruppersdorf,0,0,8.03,55.78,36.19,2,,,,0.004,2.75,1.677903,19.63644,,,,,,,,,5.1,22.8,4.8,22.8,48.4642356,16.6508678
Hohenruppersdorf,0,0,3.7,56.14,40.16,2,,,,0.004,2.75,1.701652,19.72251,,,,,,,,,,,,,48.4642356,16.6508678
Hohenruppersdorf,0,0.05,7.13,61.26,31.57,4,,,,0.006,2.75,1.702794,19.88883,,,,,,,,,,,,,48.4642356,16.6508678
Hohenruppersdorf,0,0,4.47,57.74,37.79,2,,,,0.004,2.75,1.704584,20.01619,,,,,,,,,,,,,48.4642356,16.6508678
Hohenruppersdorf,0,1.34,6.32,57.79,34.56,8,,,,0.004,2.75,1.685826,20.70103,,,,,,,,2.47E-10,,,,,48.4642356,16.6508678
Hohenruppersdorf,0,1.05,8.32,53.21,37.42,8,,,,0.005,2.75,1.63356,22.41319,,,,,,,,1.30E-10,,,,,48.4642356,16.6508678
Hohenruppersdorf,0,0.25,1.79,69.38,28.58,4,,,,0.004,2.75,1.601849,24.38653,,,,,,,,,,,,,48.4642356,16.6508678
Hohenruppersdorf,0,0.4,5.76,65,28.84,4,,,,0.004,2.75,1.657944,21.6545,,,,,,,,,,,,,48.4642356,16.6508678
Hohenruppersdorf,0,0.09,7.18,53.58,39.15,4,,,,0.003,,,,,,,,,,,,,,,,48.4642356,16.6508678
Hohenruppersdorf,0,0,1.13,41.45,57.42,2,,,,0.001,2.75,1.551708,25.54912,,,,,,,,,,,,,48.4642356,16.6508678
Hohenruppersdorf,0,2.37,4.45,60.48,32.71,8,,,,0.005,2.75,1.685227,21.2471,,,,,,,,,,,,,48.4642356,16.6508678
Hohenruppersdorf,0,1.67,6.41,54.62,37.3,8,,,,0.004,2.75,1.624104,21.99782,,,,,,,,2.01E-11,,,,,48.4642356,16.6508678
Hohenruppersdorf,0,0.07,11.41,67.31,21.21,4,,,,0.013,,,,,,,,,,,3.60E-11,,,,,48.4642356,16.6508678
Hohenruppersdorf,0,18.31,26.06,47.41,8.22,56,34.92507,0.6635569,,0.043,2.697555,1.874977,14.61307,,,,,,,,2.04E-09,,,,,48.4642356,16.6508678
Hohenruppersdorf,0,0,1.45,57.48,41.07,2,,,,0.003,2.75,1.60775,24.67695,,,,,,,,1.33E-10,,,,,48.4642356,16.6508678
Hohenruppersdorf,0,3,12.07,64.8,20.13,18,,,,0.017,2.75,1.87792,14.54126,,,,,,,,,,,,,48.4642356,16.6508678
Hohenruppersdorf,0,0.13,11.61,73.69,14.56,8,,,,0.011,,,,,,,,,,,,,,,,48.4642356,16.6508678
Hohenruppersdorf,0,2.4,31.84,56.22,9.55,35.5,22.26523,1.799873,,0.032,,,,,,,,,,,,,,,,48.4642356,16.6508678
Hohenruppersdorf,0,2.87,11.87,73.64,11.61,18,15.29552,1.367859,,0.018,2.7,1.689244,20.36509,,,,,,,,5.56E-09,,,,,48.4642356,16.6508678
Hohenruppersdorf,0,0.24,4.72,66.48,28.56,4,,,,0.007,2.75,1.632759,24.12647,,,,,,,,1.79E-09,,,,,48.4642356,16.6508678
Sankt Valentin,0,66.79,27.01,6.2,0,25,44.35373,1.882853,,4.711,,,,,,,,,,,,,,,,48.16847735,14.54962453
Sankt Valentin,0,0.17,8.07,59.32,32.43,4,,,,0.005,2.65,1.585261,22.48907,,,,,,,,3.84E-10,,,,,48.16847735,14.54962453
Sankt Valentin,0,0,7.86,68.03,24.1,1,,,,0.006,2.75,1.663706,20.17219,52.18892,23.7556,16.64727,28.43332,,1.217899,1.179806,5.61E-09,7.2,22.6,8.5,20.2,48.16847735,14.54962453
Sankt Valentin,0,0.13,6.15,69.91,23.81,4,,,,0.006,2.65,1.671772,19.53684,,,,,,,,8.95E-10,,,,,48.16847735,14.54962453
Sankt Valentin,0.88,72.82,21.84,4.23,0.23,67,40.56795,2.54074,,6.825,,,,,,,,,,,,,,,,48.16847735,14.54962453
Sankt Valentin,0.56,79.31,17.19,2.83,0.11,67,20.59766,2.687356,,8.441,,,,,,,,,,,,,,,,48.16847735,14.54962453
Sankt Valentin,0,0.09,9.93,58.75,31.23,4,,,,0.005,2.65,1.638403,21.06718,,,,,,,,8.01E-10,,,,,48.16847735,14.54962453
Sankt Valentin,0,0,1.1,60.57,38.33,1,,,,0.004,2.68,1.682249,19.60368,,,,,,,,2.54E-10,,,,,48.16847735,14.54962453
Sankt Valentin,0,0,8.43,66.57,25,1,,,,0.006,2.65,1.655686,20.44972,,,,,,,,,,,,,48.16847735,14.54962453
Sankt Valentin,0,0,6.37,62.62,31.01,1,,,,0.005,2.65,1.663372,20.85384,,,,,,,,1.19E-10,,,,,48.16847735,14.54962453
Sankt Valentin,0,0,5.97,59.96,34.08,2,,,,0.004,2.67,1.651366,21.43538,,,,,,,,1.79E-09,,,,,48.16847735,14.54962453
Sankt Valentin,0,0,4.9,68.33,26.77,2,,,,0.006,2.65,1.641412,21.48549,,,,,,,,,,,,,48.16847735,14.54962453
Sankt Valentin,0,0,6.96,61.44,31.6,1,,,,0.005,2.65,1.649616,20.5538,,,,,,,,,,,,,48.16847735,14.54962453
Sankt Valentin,0,0,9.55,67.66,22.79,1,,,,0.006,2.66,1.664794,19.45602,,,,,,,,,,,,,48.16847735,14.54962453
Sankt Valentin,0,0,3.89,70.12,25.99,1,,,,0.005,2.66,1.61841,21.71599,,,,,,,,,,,,,48.16847735,14.54962453
Sankt Valentin,0,0,4.29,69.54,26.18,1,,,,0.005,2.65,1.650382,21.33818,,,,,,,,1.86E-10,,,,,48.16847735,14.54962453
Sankt Valentin,0,0,4.54,69.11,26.35,2,,,,0.005,2.65,1.628098,22.05274,,,,,,,,5.39E-11,,,,,48.16847735,14.54962453
Sankt Valentin,0,0,5.28,72.01,22.71,2,,,,0.006,2.68,1.603787,23.31082,,,,,,,,,,,,,48.16847735,14.54962453
Sankt Valentin,0,0,7.6,66.89,25.51,2,,,,0.005,2.68,1.607848,22.51193,,,,,,,,,,,,,48.16847735,14.54962453
Sankt Valentin,0,0,4.28,58.9,36.83,1,,,,0.003,2.68,1.625433,21.34698,,,,,,,,,,,,,48.16847735,14.54962453
Sankt Valentin,0,0,7.11,66.64,26.25,2,,,,0.005,2.68,1.617729,22.148,,,,,,,,,8.2,24,9.5,23.1,48.16847735,14.54962453
Sankt Valentin,0,0,6.33,60.78,32.9,2,,,,0.004,2.65,1.668051,20.29775,,,,,,,,,,,,,48.16847735,14.54962453
Sankt Valentin,0,0,0.86,70.61,28.53,0.4,,,,0.005,2.67,1.602865,22.27301,,,,,,,,2.73E-11,,,,,48.16847735,14.54962453
Sankt Valentin,0,0,8.23,68.03,23.75,2,,,,0.005,2.66,1.629955,21.21615,,,,,,,,,,,,,48.16847735,14.54962453
Sankt Valentin,0,66.79,30.14,3.07,0,25,37.13628,1.576466,,4.711,,,,,,,,,,,,,,,,48.16847735,14.54962453
Sankt Valentin,0,99.73,0.05,0.22,0,35.5,1.542152,1.074362,,20.286,,,,,,,,,,,,,,,,48.16847735,14.54962453
Sankt Valentin,0,99.38,0.35,0.28,0,35.5,1.575466,1.059812,,20.119,,,,,,,,,,,,,,,,48.16847735,14.54962453
Sankt Valentin,0,99.38,0.16,0.46,0,35.5,1.529153,0.9436291,,18.499,,,,,,,,,,,,,,,,48.16847735,14.54962453
Sankt Valentin,0,99.81,0.06,0.14,0,35.5,1.5678,1.080842,,20.764,,,,,,,,,,,,,,,,48.16847735,14.54962453
Sankt Valentin,0,99.69,0.12,0.19,0,35.5,1.5501,1.083202,,21.401,,,,,,,,,,,,,,,,48.16847735,14.54962453
Sankt Valentin,0,99.69,0.08,0.23,0,35.5,1.521687,1.101269,,20.953,,,,,,,,,,,,,,,,48.16847735,14.54962453
Sankt Valentin,0,99.62,0.12,0.26,0,35.5,1.538993,1.088093,,21.445,,,,,,,,,,,,,,,,48.16847735,14.54962453
Sankt Valentin,0,2.14,8.22,63.46,26.18,8,,,,0.006,2.66,1.654328,20.75247,,,,,,,,,,,,,48.16847735,14.54962453
Sankt Valentin,0,0,8.87,62.97,28.16,1,,,,0.006,2.66,1.650496,21.01053,,,,,,,,,,,,,48.16847735,14.54962453
Sankt Valentin,0,0,7.48,58.04,34.48,0.4,,,,0.004,2.66,1.604832,22.24924,,,,,,,,,,,,,48.16847735,14.54962453
Sankt Valentin,0,3.05,8.01,60.24,28.69,8,,,,0.005,2.66,1.638369,21.69386,,,,,,,,8.28E-10,,,,,48.16847735,14.54962453
Sankt Valentin,0.74,61.34,20.38,13.56,3.97,67,839.2994,2.409992,,5.426,,,,,,,,,,,,,,,,48.16847735,14.54962453
Sankt Valentin,0,67.7,24.93,6.47,0.9,35.5,51.68523,3.608244,,4.529,,,,,,,,,,,,,,,,48.16847735,14.54962453
Sankt Valentin,0,0,10.56,62.88,26.56,1,,,,0.006,2.75,1.642781,20.86723,,,,,,,,1.64E-10,,,,,48.16847735,14.54962453
Sankt Valentin,0,0,9.62,61.34,29.04,0.4,,,,0.005,2.75,1.603865,22.18003,,,,,,,,6.40E-11,,,,,48.16847735,14.54962453
Sankt Valentin,0,0,6.71,58.56,34.73,1,,,,0.004,2.75,1.621882,21.6216,,,,,,,,5.22E-11,,,,,48.16847735,14.54962453
Sankt Valentin,0,1.19,8.54,62.24,28.03,4,,,,0.006,2.75,1.612877,21.7861,,,,,,,,,,,,,48.16847735,14.54962453
Sankt Valentin,0,0,9.23,62.96,27.81,1,,,,0.006,2.75,1.646192,19.8133,,,,,,,,,6.2,23.5,9.4,21.9,48.16847735,14.54962453
Sankt Valentin,0,0.09,7.19,62.08,30.64,4,,,,0.005,2.65,1.653332,20.2676,,,,,,,,,,,,,48.16847735,14.54962453
Sankt Valentin,0,0.22,7.8,63.52,28.46,4,,,,0.006,2.66,1.651738,21.13434,,,,,,,,4.80E-10,,,,,48.16847735,14.54962453
Sankt Valentin,0,0,8.29,62.55,29.16,1,,,,0.005,2.66,1.632623,21.56658,,,,,,,,7.70E-10,,,,,48.16847735,14.54962453
Sankt Valentin,0,0,7.57,62.46,29.97,0.4,,,,0.005,2.66,1.637007,21.64002,,,,,,,,8.99E-10,,,,,48.16847735,14.54962453
Sankt Valentin,0,0,8.32,65.13,26.55,0.4,,,,0.006,2.66,1.652287,20.91478,,,,,,,,,,,,,48.16847735,14.54962453
Sankt Valentin,0,0,6.61,63.3,30.09,1,,,,0.005,2.66,1.63064,21.07225,,,,,,,,4.35E-10,,,,,48.16847735,14.54962453
Sankt Valentin,0,0,8.27,62.35,29.39,0.4,,,,0.005,2.68,1.641344,21.73109,,,,,,,,,,,,,48.16847735,14.54962453
Sankt Valentin,0,0.09,4.68,51.93,43.31,8,,,,0.003,2.75,1.571929,23.43012,,,,,,,,,,,,,48.16847735,14.54962453
Sankt Valentin,0.95,51.15,19.34,20.01,8.54,67,2184.091,0.3664694,0.002826218,2.556,2.69022,2.059054,10.34204,,,,,,,,,,,,,48.16847735,14.54962453
Sankt Valentin,0,0.51,9.3,58.77,31.41,8,,,,0.005,2.75,1.597116,23.2462,,,,,,,,,,,,,48.16847735,14.54962453
Sankt Valentin,0,1.68,9.59,49.21,39.51,18,,,,0.004,2.75,1.700763,19.33733,,,,,,,,,,,,,48.16847735,14.54962453
Sankt Valentin,0,2.42,10.96,49.97,36.65,18,,,,0.004,2.75,1.737617,18.13057,,,,,,,,,,,,,48.16847735,14.54962453
Sankt Valentin,0,2.94,13.2,48.8,35.07,12.5,,,,0.005,2.75,1.758788,17.90826,,,,,,,,,,,,,48.16847735,14.54962453
Sankt Valentin,0,2.81,12.26,48.23,36.7,18,,,,0.005,2.75,1.745178,19.0736,,,,,,,,,,,,,48.16847735,14.54962453
Sankt Valentin,0,0.83,7.45,51.56,40.16,12.5,,,,0.003,2.75,1.678006,18.74064,,,,,,,,,,,,,48.16847735,14.54962453
Sankt Valentin,,,,,,,,,,,2.75,1.693492,16.84658,,,,,,,,,,,,,48.16847735,14.54962453
Sankt Valentin,0,1.06,6.93,51.46,40.54,12.5,,,,0.003,2.75,1.668982,19.08235,,,,,,,,,,,,,48.16847735,14.54962453
Sankt Valentin,0,2.99,12.37,49.48,35.17,18,,,,0.005,2.75,1.74617,17.40952,,,,,,,,,,,,,48.16847735,14.54962453
Sankt Valentin,0,2.2,11.97,49.19,36.64,18,,,,0.005,2.75,1.738487,18.01207,,,,,,,,,,,,,48.16847735,14.54962453
Sankt Valentin,0,3.65,14.98,49.33,32.03,18,,,,0.006,2.75,1.76227,16.58822,,,,,,,,,,,,,48.16847735,14.54962453
Sankt Valentin,0,1.72,12.42,49.67,36.19,18,,,,0.005,2.75,1.731415,18.39228,,,,,,,,,,,,,48.16847735,14.54962453
Sankt Valentin,0,1.63,11.16,50.18,37.02,18,,,,0.005,2.75,1.726686,18.48977,,,,,,,,,,,,,48.16847735,14.54962453
Sankt Valentin,0,1.84,11.03,51.91,35.21,18,,,,0.005,2.75,1.734888,17.4689,,,,,,,,,,,,,48.16847735,14.54962453
Sankt Valentin,0,1.68,9.59,49.21,39.51,18,,,,0.004,2.75,1.703005,19.00903,52.18892,23.7556,16.64727,28.43332,,1.362448,0.8100662,2.81E-10,,,,,48.16847735,14.54962453
Sankt Valentin,0,1.84,11.03,51.91,35.21,18,,,,0.005,,,,,,,,,,,,,,,,48.16847735,14.54962453
Sankt Valentin,0,2.2,12.12,48.24,37.45,18,,,,0.005,,,,,,,,,,,,,,,,48.16847735,14.54962453
Sankt Valentin,0,1.9,9.2,50.59,38.31,18,,,,0.004,,,,,,,,,,,,,,,,48.16847735,14.54962453
Sankt Valentin,0,1.9,9.09,49.77,39.24,18,,,,0.004,,,,,,,,,,,,,,,,48.16847735,14.54962453
Sankt Valentin,0,2.06,8.37,47.35,42.22,18,,,,0.003,,,,,,,,,,,,,,,,48.16847735,14.54962453
Sankt Valentin,0,2.01,11.33,49.92,36.74,18,,,,0.005,,,,,,,,,,,,,,,,48.16847735,14.54962453
Hollabrunn,0,23.08,42.21,25.92,8.79,35.5,158.5485,1.350564,,0.234,,,,,,,,,,,,,,,,48.5625384,16.0798033
Hollabrunn,0,35.35,39.74,17.29,7.63,35.5,330.0088,3.049529,,0.582,,,,,,,,,,,,,,,,48.5625384,16.0798033
Hollabrunn,0,0.08,3.41,58.4,38.11,4,,,,0.004,,,,,,,,,,,,,,,,48.5625384,16.0798033
Hollabrunn,0,1.11,5.6,54.64,38.65,8,,,,0.004,,,,,,,,,,,,,,,,48.5625384,16.0798033
Hollabrunn,0,0.33,4.98,56.31,38.38,4,,,,0.004,,,,,,,,,,,,,,,,48.5625384,16.0798033
Hollabrunn,0,2.01,6.22,54.95,36.81,8,,,,0.004,,,,,,,,,,,,,,,,48.5625384,16.0798033
Hollabrunn,0,32.6,30.02,26.96,10.42,45,392.3456,0.5217807,,0.246,,,,,,,,,,,,,,,,48.5625384,16.0798033
Hollabrunn,0,0.5,5.29,57.37,36.85,4,,,,0.004,,,,,,,,,,,,,,,,48.5625384,16.0798033
Hollabrunn,0,0.07,2.92,58.2,38.8,4,,,,0.004,,,,,,,,,,,,,,,,48.5625384,16.0798033
Hollabrunn,0,0.3,2.64,57.66,39.4,4,,,,0.004,,,,,,,,,,,,,,,,48.5625384,16.0798033
Hollabrunn,0,0.24,3.75,58.23,37.78,4,,,,0.004,,,,,,,,,,,,,,,,48.5625384,16.0798033
Hollabrunn,0,0.12,2.77,57.48,39.64,4,,,,0.004,,,,,,,,,,,,,,,,48.5625384,16.0798033
Hollabrunn,0,0.1,3.72,58.28,37.9,4,,,,0.004,,,,,,,,,,,,,,,,48.5625384,16.0798033
Hollabrunn,0,0.46,2.59,57.64,39.31,4,,,,0.004,,,,,,,,,,,,,,,,48.5625384,16.0798033
Hollabrunn,0,0.33,3.83,58.03,37.8,4,,,,0.004,,,,,,,,,,,,,,,,48.5625384,16.0798033
Hollabrunn,0,0.08,2.88,57.75,39.29,4,,,,0.004,,,,,,,,,,,,,,,,48.5625384,16.0798033
Hollabrunn,0,7.39,7.95,49.59,35.07,35.5,,,,0.005,,,,,,,,,,,,,,,,48.5625384,16.0798033
Hollabrunn,0,0.05,4.47,57.86,37.62,4,,,,0.004,,,,,,,,,,,,,,,,48.5625384,16.0798033
Hollabrunn,0,0.44,6.89,53.61,39.06,4,,,,0.004,,,,,,,,,,,,,,,,48.5625384,16.0798033
Hollabrunn,0,0,2.72,58.6,38.67,2,,,,0.004,,,,,,,,,,,,,,,,48.5625384,16.0798033
Hollabrunn,0,0.23,2.4,57.42,39.95,4,,,,0.004,,,,,,,,,,,,,,,,48.5625384,16.0798033
Hollabrunn,0,0.46,3.49,55.15,40.89,4,,,,0.004,,,,,,,,,,,,,,,,48.5625384,16.0798033
Hollabrunn,0,0.15,2.78,57.56,39.52,4,,,,0.004,,,,,,,,,,,,,,,,48.5625384,16.0798033
Hollabrunn,0,0,1.76,59.18,39.06,2,,,,0.004,,,,,,,,,,,,,,,,48.5625384,16.0798033
Hollabrunn,0,0.26,2.15,57.87,39.72,4,,,,0.004,,,,,,,,,,,,,,,,48.5625384,16.0798033
Hollabrunn,0,0.44,3.44,57.01,39.12,4,,,,0.004,,,,,,,,,,,,,,,,48.5625384,16.0798033
Hollabrunn,0,3.05,4.59,52.51,39.85,18,,,,0.004,,,,,,,,,,,,,,,,48.5625384,16.0798033
Hollabrunn,0,0,4.46,62.08,33.46,2,,,,0.005,2.75,1.776454,17.76271,,,,,,,,2.53E-10,,,,,48.5625384,16.0798033
Hollabrunn,0,0.02,3.78,61.18,35.01,4,,,,0.005,2.75,1.786032,17.62481,,,,,,,,,4.9,23.6,4.4,23.4,48.5625384,16.0798033
Hollabrunn,0,0,3.23,63.06,33.71,2,,,,0.005,2.75,1.775912,17.03002,,,,,,,,,,,,,48.5625384,16.0798033
Hollabrunn,0,0,3.72,62.18,34.1,2,,,,0.005,2.739,1.780638,17.35881,,,,,,,,,,,,,48.5625384,16.0798033
Hollabrunn,0,0.16,4.32,61.8,33.72,4,,,,0.005,2.75,1.790282,17.44622,,,,,,,,,,,,,48.5625384,16.0798033
Hollabrunn,0,0.04,5.12,59.56,35.28,4,,,,0.005,2.75,1.769585,17.39237,,,,,,,,4.73E-10,,,,,48.5625384,16.0798033
Hollabrunn,0,0,4.07,64.45,31.49,2,,,,0.005,2.75,1.778527,17.56758,,,,,,,,7.01E-11,,,,,48.5625384,16.0798033
Hollabrunn,0,0,2.84,60.41,36.75,2,,,,0.004,2.75,1.787821,17.45846,,,,,,,,2.62E-10,,,,,48.5625384,16.0798033
Hollabrunn,0,0,1.52,63.69,34.79,2,,,,0.004,2.75,1.777574,18.07605,,,,,,,,,,,,,48.5625384,16.0798033
Hollabrunn,0,0,3.39,60.4,36.21,1,,,,0.004,2.75,1.770907,18.16363,,,,,,,,,,,,,48.5625384,16.0798033
Hollabrunn,0,0,2.41,62.57,35.02,1,,,,0.005,2.75,1.776501,17.94204,,,,,,,,,,,,,48.5625384,16.0798033
Hollabrunn,0,0,4.6,59.92,35.49,2,,,,0.005,2.75,1.76339,18.07547,,,,,,,,,,,,,48.5625384,16.0798033
Hollabrunn,0,0,4.09,60.59,35.31,1,,,,0.005,2.75,1.763948,18.02568,,,,,,,,,,,,,48.5625384,16.0798033
Hollabrunn,0,0,2.69,63.28,34.03,2,,,,0.005,2.75,1.783452,17.39585,,,,,,,,,,,,,48.5625384,16.0798033
Hollabrunn,0,0.13,10.47,64.57,24.82,4,,,,0.011,2.75,1.797133,16.06844,,,,,,,,,,,,,48.5625384,16.0798033
Hollabrunn,0,0,3.3,64.4,32.3,1,,,,0.005,2.75,1.780002,17.33356,,,,,,,,,,,,,48.5625384,16.0798033
Hollabrunn,0,0,2.59,71.59,25.82,2,,,,0.006,2.75,1.778399,17.31162,,,,,,,,,,,,,48.5625384,16.0798033
Hollabrunn,0,0,4.63,59.92,35.44,2,,,,0.005,2.75,1.81092,16.96897,,,,,,,,,,,,,48.5625384,16.0798033
Hollabrunn,0,0,3.51,67.08,29.41,2,,,,0.006,2.739,1.817355,17.00778,,,,,,,,,,,,,48.5625384,16.0798033
Hollabrunn,0,0,0.29,60.28,39.43,1,,,,0.004,2.739,1.817679,16.85244,,,,,,,,,,,,,48.5625384,16.0798033
Hollabrunn,0,0,1.94,62.49,35.57,2,,,,0.004,2.739,1.810283,17.65734,,,,,,,,,,,,,48.5625384,16.0798033
Fischamend,,,,,,,,,,,,,,,,,,,,,,,,,,48.1185885,16.6112789
Fischamend,,,,,,,,,,,,,,,,,,,,,,,,,,48.1185885,16.6112789
Fischamend,0,0.7,8.5,64.4,26.4,4,,,,0.007,,,,,,,,,,,,,,,,48.1185885,16.6112789
Horn,0,2.14,7.02,48.92,41.92,12.5,,,,0.003,2.75,1.837256,16.7438,,,,,,,,,,,,,48.6636596,15.6563147
Horn,0,1.66,14.84,49.5,34,18,,,,0.006,2.75,1.863439,14.43192,,,,,,,,,,,,,48.6636596,15.6563147
Horn,0,1.29,18.58,45.33,34.8,12.5,,,,0.007,2.75,1.845166,15.14079,,,,,,,,,,,,,48.6636596,15.6563147
Horn,0,1.44,12.67,50.19,35.71,8,,,,0.005,2.75,1.819997,16.35708,,,,,,,,,,,,,48.6636596,15.6563147
Horn,0,2.9,13.25,47.31,36.55,12.5,,,,0.006,2.75,1.814139,16.18098,,,,,,,,,,,,,48.6636596,15.6563147
Horn,0,2.42,24.88,41.57,31.14,12.5,,,,0.01,2.75,1.838998,15.35715,,,,,,,,,,,,,48.6636596,15.6563147
Horn,0,1.81,10.93,58.96,28.3,12.5,,,,0.008,2.75,1.809009,15.99481,,,,,,,,,,,,,48.6636596,15.6563147
Horn,0,1.38,16.31,45.44,36.87,8,,,,0.005,2.75,1.861896,15.49804,,,,,,,,,,,,,48.6636596,15.6563147
Horn,0,2,15.61,43.98,38.4,12.5,,,,0.005,2.75,1.843566,16.09185,,,,,,,,,,,,,48.6636596,15.6563147
Horn,0,1.87,13.06,45.53,39.54,12.5,,,,0.004,2.75,1.797659,16.29794,,,,,,,,,,,,,48.6636596,15.6563147
Horn,0,0.71,11.59,44.52,43.17,12.5,,,,0.003,2.75,1.78901,16.58837,,,,,,,,,,,,,48.6636596,15.6563147
Horn,0,1.08,20.71,47.22,30.98,12.5,,,,0.01,2.75,1.851212,15.08833,,,,,,,,,,,,,48.6636596,15.6563147
Horn,0,1.58,15.27,49.2,33.95,18,,,,0.005,2.75,1.843159,16.07726,,,,,,,,,,,,,48.6636596,15.6563147
Horn,0,5.25,17.25,44.75,32.75,25,,,,0.008,2.75,1.850395,15.53698,,,,,,,,,,,,,48.6636596,15.6563147
Horn,0,2.5,14.73,46.45,36.32,25,,,,0.005,2.75,1.800511,17.33586,,,,,,,,,,,,,48.6636596,15.6563147
Horn,0,1.64,11.18,54.96,32.22,12.5,,,,0.005,2.75,1.787052,17.61661,,,,,,,,,,,,,48.6636596,15.6563147
Horn,0,2.41,11.3,66.77,19.53,12.5,,,,0.01,2.75,1.716231,19.20758,,,,,,,,,,,,,48.6636596,15.6563147
Horn,0,2.56,10.15,71.29,16.01,25,,,,0.011,2.74941,1.730584,18.41757,,,,,,,,,,,,,48.6636596,15.6563147
Horn,0,3.01,13.34,63.77,19.88,18,,,,0.012,2.75,1.773039,16.99254,,,,,,,,,,,,,48.6636596,15.6563147
Horn,0,1.7,14.65,53.43,30.22,12.5,,,,0.007,2.75,1.792463,17.26024,,,,,,,,,,,,,48.6636596,15.6563147
Horn,0,2.49,17.06,45.08,35.37,12.5,,,,0.005,2.702,1.82499,17.29748,,,,,,,,4.47E-12,,,,,48.6636596,15.6563147
Horn,0,2.81,18.27,48.94,29.98,12.5,,,,0.007,2.702,1.825839,16.04802,,,,,,,,4.63E-12,,,,,48.6636596,15.6563147
Horn,0,1.75,11.28,54.83,32.14,12.5,,,,0.005,2.75,1.79738,17.00297,,,,,,,,4.47E-12,,,,,48.6636596,15.6563147
Horn,0,2.05,12.32,54.7,30.93,12.5,,,,0.006,2.75,1.801716,17.37148,,,,,,,,4.63E-12,,,,,48.6636596,15.6563147
Baden,0,1.551139,5.531251,50.99082,41.92679,25,,,,0.003293754,,,,50.5595,20.48416,12.96533,30.07534,,0.8428667,0.7033521,,,,,,48.0076713,16.2343693
Baden,0,0.03980398,3.392899,53.22051,43.34679,8,,,,0.003025929,,,,44.38822,19.95552,13.84735,24.4327,,0.6903953,0.7033521,,,,,,48.0076713,16.2343693
Hennersdorf,0,0.2,0.7,60.7,38.4,4,,,,0.004,,,,32.635,18.23,,14.404,,,,,3.7,24.4,4.3,24.1,48.1116298,16.3622404
Hennersdorf,0,3.92,5.76,56.29,34.04,8,,,,0.005,2.74631,1.770265,17.59381,,,,,,,,8.94E-11,,,,,48.1116298,16.3622404
Hennersdorf,0,10.28,10.12,54.7,24.9,8,,,,0.01,2.74668,1.869567,15.1339,,,,,,,,9.06E-11,,,,,48.1116298,16.3622404
Hennersdorf,0,2.84,5.42,69.07,22.67,8,,,,0.01,2.74824,1.771378,17.34114,,,,,,,,,,,,,48.1116298,16.3622404
Hennersdorf,0,9.4,12.88,54.18,23.54,8,,,,0.012,2.74599,1.858746,15.20736,,,,,,,,,,,,,48.1116298,16.3622404
Hennersdorf,0,9.88,13.19,51.58,25.35,8,,,,0.01,2.74521,1.855139,14.86001,,,,,,,,,,,,,48.1116298,16.3622404
Hennersdorf,0,3.34,4.34,65.37,26.95,8,,,,0.008,2.74753,1.795878,16.81915,,,,,,,,1.90E-10,,,,,48.1116298,16.3622404
Hennersdorf,0,1.64,4.74,69.08,24.54,8,,,,0.009,2.74963,1.779122,17.57808,,,,,,,,1.85E-10,,,,,48.1116298,16.3622404
Hennersdorf,0,6.64,7.56,59.74,26.05,8,,,,0.009,2.74776,1.817594,16.33002,,,,,,,,,,,,,48.1116298,16.3622404
Hennersdorf,0,5.44,7.37,61.24,25.96,8,,,,0.01,2.74831,1.817743,15.85556,,,,,,,,,,,,,48.1116298,16.3622404
Hennersdorf,0,4.83,6.21,63.66,25.31,8,,,,0.01,2.74907,1.81939,15.90001,,,,,,,,,,,,,48.1116298,16.3622404
Hennersdorf,0,1.31,2.3,63.38,33,12.5,,,,0.006,2.74968,1.752312,18.21817,,,,,,,,,,,,,48.1116298,16.3622404
Hennersdorf,0,16.01,14.61,47.25,22.14,8,,,,0.015,2.7459,1.91261,13.43194,,,,,,,,,,,,,48.1116298,16.3622404
Hennersdorf,0,2.49,4.86,60.57,32.08,18,,,,0.007,2.7488,1.788181,17.43744,,,,,,,,,,,,,48.1116298,16.3622404
Hennersdorf,0,1.11,4.57,61.71,32.61,12.5,,,,0.007,2.7491,1.783059,17.6892,,,,,,,,,,,,,48.1116298,16.3622404
Erzberg,,,,,,,,,,,,,,,,,,,,,,,,,,47.5242554,14.91175348
St. Kosmas,0,8.6,17.9,56.11,17.39,45,,,,0.014,,,,,,,,,,,,,,,,46.8681864,14.428183
St. Kosmas,0,4.33,14.67,58.28,22.72,25,,,,0.007,,,,,,,,,,,,,,,,46.8681864,14.428183
St. Kosmas,0,3.48,12.88,51.94,31.7,8,,,,0.004,,,,,,,,,,,,,,,,46.8681864,14.428183
St. Kosmas,0,2.25,13.46,55.56,28.73,8,,,,0.006,,,,,,,,,,,,,,,,46.8681864,14.428183
St. Kosmas,0,1.37,13.66,55.55,29.42,8,,,,0.005,,,,,,,,,,,8.82E-11,,,,,46.8681864,14.428183
St. Kosmas,0,3.26,15.36,53.96,27.41,8,,,,0.006,,,,,,,,,,,1.17E-10,,,,,46.8681864,14.428183
St. Kosmas,0,1.96,12,56.98,29.06,8,,,,0.005,,,,,,,,,,,6.69E-11,,,,,46.8681864,14.428183
St. Kosmas,1.57,71.37,18.21,6.99,1.86,67,148.438,5.538884,,8.154,,,,,,,,,,,,,,,,46.8681864,14.428183
St. Kosmas,0,0.05,13.07,62.3,24.58,8,,,,0.007,,,,,,,,,,,,,,,,46.8681864,14.428183
St. Kosmas,0,6.69,13.3,49.94,30.07,8,,,,0.005,,,,,,,,,,,,,,,,46.8681864,14.428183
St. Kosmas,0,3.79,11.91,51.39,32.9,8,,,,0.004,,,,,,,,,,,,,,,,46.8681864,14.428183
St. Kosmas,0,3.7,11.76,51.12,33.42,8,,,,0.004,,,,,,,,,,,,,,,,46.8681864,14.428183
St. Kosmas,0,2.11,11.43,51.53,34.93,8,,,,0.004,,,,,,,,,,,,,,,,46.8681864,14.428183
St. Kosmas,0,3.24,9.7,53.49,33.56,8,,,,0.004,,,,,,,,,,,,,,,,46.8681864,14.428183
St. Kosmas,0,2.98,12.96,61.14,22.92,8,,,,0.008,,,,,,,,,,,,,,,,46.8681864,14.428183
St. Kosmas,0,2.2,9.74,61.31,26.74,8,,,,0.005,,,,,,,,,,,,,,,,46.8681864,14.428183
St. Kosmas,0,1.31,13.3,63.67,21.72,8,,,,0.008,,,,,,,,,,,,,,,,46.8681864,14.428183
St. Kosmas,0,4.19,8.48,55.24,32.09,8,,,,0.004,,,,,,,,,,,,,,,,46.8681864,14.428183
St. Kosmas,0,4.6,11.73,55.16,28.5,8,,,,0.005,,,,,,,,,,,,,,,,46.8681864,14.428183
St. Kosmas,0,1.06,13.99,70.07,14.88,4,,,,0.014,,,,,,,,,,,,,,,,46.8681864,14.428183
St. Kosmas,0,0.85,13.11,66.99,19.05,4,,,,0.01,,,,,,,,,,,,,,,,46.8681864,14.428183
St. Kosmas,0,2.1,9.87,62.52,25.51,8,,,,0.006,,,,,,,,,,,,,,,,46.8681864,14.428183
St. Kosmas,0,2.49,14.06,64.03,19.43,8,,,,0.009,,,,,,,,,,,,,,,,46.8681864,14.428183
St. Kosmas,0,2.74,12.94,66.01,18.31,8,,,,0.01,,,,,,,,,,,,,,,,46.8681864,14.428183
St. Kosmas,0,0.02,12.67,58.45,28.85,4,,,,0.006,2.7,1.737599,18.90768,,,,,,,,,,,,,46.8681864,14.428183
St. Kosmas,0,5.71,14.55,58.65,21.09,12.5,,,,0.009,2.7,1.740721,18.07209,,,,,,,,,,,,,46.8681864,14.428183
St. Kosmas,0,10.7,11.96,53.11,24.23,25,,,,0.008,2.73,1.70426,19.97104,,,,,,,,,,,,,46.8681864,14.428183
St. Kosmas,0,11.21,12.67,51.63,24.49,25,,,,0.007,2.73,1.699744,20.17515,,,,,,,,,,,,,46.8681864,14.428183
St. Kosmas,0,8.82,11.75,54.57,24.86,25,,,,0.007,2.73,1.688089,20.65427,,,,,,,,3.24E-10,,,,,46.8681864,14.428183
St. Kosmas,0,15.05,12.56,51.82,20.57,25,,,,0.01,2.75,1.703903,19.69443,,,,,,,,,,,,,46.8681864,14.428183
St. Kosmas,0,17.55,12.52,48.45,21.49,25,,,,0.01,2.75,1.700136,19.68893,,,,,,,,7.98E-11,,,,,46.8681864,14.428183
St. Kosmas,0,11.47,10.7,53.65,24.18,25,,,,0.007,2.75,1.711985,18.43095,,,,,,,,8.57E-10,,,,,46.8681864,14.428183
St. Kosmas,0,11.75,18.78,49.25,20.22,18,,,,0.011,2.75,1.695704,19.9158,,,,,,,,,,,,,46.8681864,14.428183
St. Kosmas,0,8.05,13.33,53.03,25.58,25,,,,0.007,2.74,1.680033,20.96619,,,,,,,,,,,,,46.8681864,14.428183
St. Kosmas,0,49.46,40.64,7.66,2.24,45,46.2457,2.079012,,1.949,,,,,,,,,,,,,,,,46.8681864,14.428183
St. Kosmas,0,22.27,15.3,44.32,18.1,25,,,,0.017,2.75,1.72396,19.84235,,,,,,,,,,,,,46.8681864,14.428183
St. Kosmas,0,13.88,13.84,49.07,23.21,25,,,,0.01,2.75,1.726185,19.07625,,,,,,,,4.94E-11,,,,,46.8681864,14.428183
St. Kosmas,0,13.99,13.09,49.73,23.19,25,,,,0.009,2.75,1.726828,18.52959,,,,,,,,6.17E-11,6.1,25.5,6.2,25.4,46.8681864,14.428183
St. Kosmas,0,10.01,12.56,49.42,28.01,25,,,,0.006,2.75,1.694117,20.13167,,,,,,,,5.02E-11,,,,,46.8681864,14.428183
St. Kosmas,0,14.44,12.05,49.88,23.63,25,,,,0.007,2.75,1.678793,20.42289,,,,,,,,1.33E-10,,,,,46.8681864,14.428183
St. Kosmas,0,12.93,25.39,46.46,15.23,18,,,,0.023,2.75,1.724084,19.27643,,,,,,,,,,,,,46.8681864,14.428183
St. Kosmas,0,15.34,27.6,43.35,13.72,18,,,,0.037,2.75,1.757692,17.88477,,,,,,,,,,,,,46.8681864,14.428183
St. Kosmas,0,14.36,13.62,48.89,23.13,25,,,,0.011,2.75,1.757692,17.88477,,,,,,,,,,,,,46.8681864,14.428183
St. Kosmas,0,22.78,15.22,44.03,17.98,25,,,,0.017,2.75,1.724084,19.27643,,,,,,,,,,,,,46.8681864,14.428183
St. Kosmas,0,8.68,18.21,55.81,17.29,45,,,,0.014,2.74783,1.738506,19.31808,,,,,,,,,,,,,46.8681864,14.428183
St. Kosmas,0,4.75,14.76,57.91,22.58,25,,,,0.007,2.75,1.733973,19.81653,,,,,,,,,,,,,46.8681864,14.428183
St. Kosmas,0,15.17,19.28,48.54,17.01,18,,,,0.016,,,,,,,,,,,,,,,,46.8681864,14.428183
St. Kosmas,0,14.79,15.98,46.92,22.32,18,,,,0.01,,,,,,,,,,,,,,,,46.8681864,14.428183
St. Kosmas,0,15.65,16.01,46.31,22.03,18,,,,0.011,2.75,1.766439,18.69244,,,,,,,,,,,,,46.8681864,14.428183
St. Kosmas,0,15.14,15.51,51.75,17.6,18,,,,0.015,2.75,1.787833,17.8791,,,,,,,,,,,,,46.8681864,14.428183
St. Kosmas,0,9.77,19.94,50.74,19.55,12.5,,,,0.011,2.75,1.765036,18.38648,,,,,,,,,,,,,46.8681864,14.428183
St. Kosmas,0,11.09,9.56,54.48,24.87,25,,,,0.007,2.7491,1.69601,20.26435,,,,,,,,,,,,,46.8681864,14.428183
Paulisturz,0,0.83,8.47,65.43,25.27,8,,,,0.008,2.746,1.735585,18.11887,,,,,,,,,,,,,,
Paulisturz,0,0,3.92,56.81,39.27,2,,,,0.004,2.75,1.653308,21.15184,,,,,,,,,,,,,,
Paulisturz,0,0,5.54,57.36,37.1,2,,,,0.006,2.75,1.673442,20.62357,,,,,,,,,,,,,,
Paulisturz,0,0,6.68,61.32,31.99,2,,,,0.008,2.75,1.717133,18.33306,,,,,,,,,,,,,,
Paulisturz,0,0,7.17,58.8,34.03,2,,,,0.007,2.75,1.692904,20.07654,,,,,,,,,,,,,,
Paulisturz,0,0,6.21,59.83,33.95,2,,,,0.006,2.75,1.697899,19.70535,,,,,,,,,,,,,,
Paulisturz,0,0,6.06,61.89,32.05,2,,,,0.006,2.75,1.706003,19.26491,,,,,,,,,,,,,,
Paulisturz,0,0,5.21,62.15,32.65,2,,,,0.005,2.75,1.70446,19.38533,,,,,,,,,,,,,,
Paulisturz,0,0.19,7.47,63.41,28.93,4,,,,0.006,2.75,1.753242,17.61192,,,,,,,,,,,,,,
Paulisturz,0,0.34,7.28,61.76,30.62,4,,,,0.007,2.75,1.713969,19.17584,,,,,,,,,,,,,,
Paulisturz,0,0.11,7.27,59.45,33.16,4,,,,0.006,2.75,1.702303,19.29717,,,,,,,,,,,,,,
Paulisturz,0,0,4.96,56.7,38.34,2,,,,0.005,2.75,1.671223,21.02126,,,,,,,,,,,,,,
Paulisturz,0,0,5.37,61.94,32.69,2,,,,0.007,2.75,1.707594,19.44493,,,,,,,,,,,,,,
Paulisturz,0,0,5.26,56.77,37.97,2,,,,0.005,2.75,1.673844,20.4697,,,,,,,,,,,,,,
Paulisturz,0,0,3.64,55.31,41.05,2,,,,0.004,2.75,1.642009,21.30176,,,,,,,,,,,,,,
Paulisturz,0,0,3.37,55.81,40.82,2,,,,0.004,2.75,1.635746,21.69157,,,,,,,,,,,,,,
Paulisturz,0,0,4.91,57.59,37.5,2,,,,0.005,2.75,1.678689,20.57741,,,,,,,,,,,,,,
Paulisturz,0,0,12.31,76.32,11.37,2,19.20871,3.905842,0.001595614,0.025,2.75,1.799123,15.57642,,,,,,,,,,,,,,
Paulisturz,0,33.43,36.42,20.72,9.43,56,344.3602,1.935455,0.002422973,0.211,2.69,1.999264,10.62379,,,,,,,,,,,,,,
Paulisturz,0,6.78,22.09,51.47,19.66,18,,,,0.022,2.7,1.875756,14.96196,,,,,,,,,,,,,,
Paulisturz,0,0,5.4,63.81,30.79,2,,,,0.007,2.75,1.726153,18.9518,,,,,,,,,,,,,,
Paulisturz,0,0,5.94,64.92,29.14,2,,,,0.008,2.75,1.735652,19.15808,,,,,,,,,,,,,,
Paulisturz,0,0,5.14,66.37,28.49,2,,,,0.007,2.75,1.742246,18.6813,,,,,,,,,,,,,,
Paulisturz,0,0,6.06,61.89,32.05,2,,,,0.006,2.7,1.692035,19.67832,,,,,,,,,,,,,,
Paulisturz,0,0,5.21,62.15,32.65,2,,,,0.005,2.75,1.706003,19.26491,,,,,,,,,,,,,,
Paulisturz,0,0.34,7.28,61.76,30.62,4,,,,0.007,2.75,1.70446,19.38533,,,,,,,,,,,,,,
Paulisturz,0,0,3.37,55.81,40.82,2,,,,0.004,2.75,1.713969,19.17584,,,,,,,,,,,,,,
Paulisturz,0,0,3.37,55.81,40.82,2,,,,0.004,2.75,1.635746,21.69157,,,,,,,,,,,,,,
Paulisturz,0,0,5.26,56.77,37.97,2,,,,0.005,2.75,1.642009,21.30176,,,,,,,,,,,,,,
Paulisturz,0,0,5.37,61.94,32.69,2,,,,0.007,2.75,1.673844,20.4697,,,,,,,,,,,,,,
Paulisturz,0,0.19,7.47,63.41,28.93,4,,,,0.006,2.75,1.707594,19.44493,,,,,,,,,,,,,,
Paulisturz,0,0,6.68,61.32,31.99,2,,,,0.008,2.75,1.717133,18.33306,,,,,,,,,,,,,,
Paulisturz,0,0,6.68,61.32,31.99,2,,,,0.008,2.75,1.678689,20.57741,,,,,,,,,,,,,,
Paulisturz,0,0,4.91,57.59,37.5,2,,,,0.005,2.746,1.735585,18.11887,,,,,,,,,,,,,,
Paulisturz,0,0,6.21,59.83,33.95,2,,,,0.006,2.75,1.697899,19.70535,,,,,,,,,,,,,,
St. Kosmas,,,,,,,,,,,,,,,,,,,,,,,,,,46.8681864,14.428183
St. Kosmas,0,16.13,11.34,56.67,15.86,35.5,,,,0.013,,,,,,,,,,,,,,,,46.8681864,14.428183
St. Kosmas,0,13.1,12.27,57.55,17.08,35.5,,,,0.013,,,,,,,,,,,,,,,,46.8681864,14.428183
St. Kosmas,0,14.12,13.15,55.83,16.89,45,,,,0.014,,,,,,,,,,,,,,,,46.8681864,14.428183
St. Kosmas,0,16.92,9.35,55.89,17.84,35.5,,,,0.012,,,,,,,,,,,,,,,,46.8681864,14.428183
St. Kosmas,0,11.16,7.35,63.46,18.03,35.5,,,,0.01,,,,,,,,,,,,,,,,46.8681864,14.428183
St. Kosmas,0,11.59,9.56,61.42,17.43,25,,,,0.011,,,,,,,,,,,,,,,,46.8681864,14.428183
St. Kosmas,0,11.62,7.55,62.86,17.97,45,,,,0.011,,,,,,,,,,,,,,,,46.8681864,14.428183
St. Kosmas,0,16.99,9.33,56.95,16.73,45,,,,0.013,,,,,,,,,,,,,,,,46.8681864,14.428183
St. Kosmas,0,12.22,8.8,60.62,18.36,45,,,,0.01,,,,,,,,,,,,,,,,46.8681864,14.428183
St. Kosmas,0,8.51,4.06,68.02,19.4,45,,,,0.009,,,,,,,,,,,,,,,,46.8681864,14.428183
St. Kosmas,,,,,,,,,,,,,,,,,,,,,,2,25.9,6.5,18.3,46.8681864,14.428183
St. Kosmas,0,3.61,2.96,70.89,22.54,35.5,,,,0.007,,,,,,,,,,,,,,,,46.8681864,14.428183
St. Kosmas,0,98.45,0.53,1.03,0,35.5,,,,20.676,,,,,,,,,,,,,,,,46.8681864,14.428183
St. Kosmas,0,98.65,0.46,0.89,0,35.5,,,,21.02,,,,,,,,,,,,,,,,46.8681864,14.428183
St. Kosmas,0,6.86,8.27,64.03,20.84,35.5,,,,0.009,,,,,,,,,,,,,,,,46.8681864,14.428183
St. Kosmas,0,12.8,7.2,62.37,17.62,45,,,,0.011,,,,,,,,,,,,,,,,46.8681864,14.428183
St. Kosmas,0,2.37,6.75,71.8,19.08,25,,,,0.01,,,,,,,,,,,,,,,,46.8681864,14.428183
St. Kosmas,0,8.8,5.2,65.49,20.51,35.5,,,,0.008,,,,,,,,,,,,,,,,46.8681864,14.428183
St. Kosmas,0,5.49,7.05,69.68,17.78,35.5,,,,0.01,,,,,,,,,,,,,,,,46.8681864,14.428183
St. Kosmas,0,9.87,8.08,65.41,16.63,45,,,,0.011,,,,,,,,,,,,,,,,46.8681864,14.428183
St. Kosmas,0,10.97,8.5,65.78,14.75,45,,,,0.011,,,,,,,,,,,,,,,,46.8681864,14.428183
St. Kosmas,0,6.56,5.6,72.45,15.4,45,,,,0.01,,,,,,,,,,,,,,,,46.8681864,14.428183
St. Kosmas,0,4.44,5.87,69.6,20.09,25,,,,0.008,,,,,,,,,,,,,,,,46.8681864,14.428183
St. Kosmas,0,8.08,10.12,67.4,14.4,45,,,,0.011,,,,,,,,,,,,2.6,26.4,2.3,22.5,46.8681864,14.428183
St. Kosmas,0,6.16,7.08,69.91,16.84,35.5,,,,0.01,,,,,,,,,,,,,,,,46.8681864,14.428183
St. Kosmas,0,5.23,6.46,71.88,16.44,35.5,,,,0.009,,,,,,,,,,,,3.5,24.8,1.6,19.6,46.8681864,14.428183
St. Kosmas,0,3.42,7.43,72.68,16.48,35.5,,,,0.01,,,,,,,,,,,,,,,,46.8681864,14.428183
St. Kosmas,0,6.84,10.53,67,15.63,45,,,,0.012,,,,,,,,,,,,,,,,46.8681864,14.428183
St. Kosmas,0,5.53,7.02,69.95,17.51,8,,,,0.011,,,,,,,,,,,4.40E-10,,,,,46.8681864,14.428183
St. Kosmas,0,1.22,6.96,74.41,17.41,4,,,,0.01,,,,,,,,,,,,3.8,26.1,5.3,19.2,46.8681864,14.428183
St. Kosmas,2.4,17.42,12.67,54.63,12.88,67,,,,0.02,,,,,,,,,,,,,,,,46.8681864,14.428183
St. Kosmas,0,4.37,8.35,70.14,17.14,45,,,,0.011,,,,,,,,,,,,,,,,46.8681864,14.428183
St. Kosmas,0,1.33,6.25,73.32,19.1,4,,,,0.008,,,,,,,,,,,,,,,,46.8681864,14.428183
St. Kosmas,0,13.7,8.68,61.02,16.6,35.5,,,,0.011,,,,,,,,,,,,,,,,46.8681864,14.428183
St. Kosmas,0,10.39,4.86,65.37,19.38,45,,,,0.009,,,,,,,,,,,,,,,,46.8681864,14.428183
St. Kosmas,0,16.35,6.61,58.83,18.21,56,,,,0.011,,,,,,,,,,,,,,,,46.8681864,14.428183
St. Kosmas,0,17.63,13.58,53.49,15.3,45,,,,0.018,,,,,,,,,,,,,,,,46.8681864,14.428183
St. Kosmas,,,,,,,,,,,,,,,,,,,,,,,,,,46.8681864,14.428183
St. Kosmas,0,14,12.13,57.47,16.39,25,,,,0.013,,,,,,,,,,,,,,,,46.8681864,14.428183
St. Kosmas,0,2.09,3.01,71,23.9,8,,,,0.007,,,,,,,,,,,,,,,,46.8681864,14.428183
St. Kosmas,0,2.65,3.61,73.3,20.44,8,,,,0.008,,,,,,,,,,,,1.2,26.2,7.5,18.7,46.8681864,14.428183
St. Kosmas,0,7.44,7.26,67.78,17.52,8,,,,0.01,,,,,,,,,,,,,,,,46.8681864,14.428183
St. Kosmas,0,4.75,6.32,70.09,18.84,8,,,,0.009,,,,,,,,,,,,,,,,46.8681864,14.428183
St. Kosmas,0,0.11,3.77,75.26,20.85,4,,,,0.007,,,,,,,,,,,,,,,,46.8681864,14.428183
St. Kosmas,0,3.88,6.01,71.53,18.58,8,,,,0.009,,,,,,,,,,,,,,,,46.8681864,14.428183
St. Kosmas,0,4.84,5.29,71.35,18.52,8,,,,0.009,,,,,,,,,,,,,,,,46.8681864,14.428183
St. Kosmas,0,6.38,6,69.88,17.74,8,,,,0.009,,,,,,,,,,,,,,,,46.8681864,14.428183
St. Kosmas,0,4.32,6.29,70.44,18.94,8,,,,0.009,,,,,,,,,,,,,,,,46.8681864,14.428183
St. Kosmas,0,3.19,4.29,73.13,19.39,8,,,,0.008,,,,,,,,,,,,,,,,46.8681864,14.428183
St. Kosmas,0,4.76,10.43,67.71,17.1,8,,,,0.011,,,,,,,,,,,,,,,,46.8681864,14.428183
St. Kosmas,0,5.01,8.92,68.76,17.3,8,,,,0.01,,,,,,,,,,,3.88E-10,,,,,46.8681864,14.428183
St. Kosmas,0,1.06,5.67,73.68,19.59,4,,,,0.008,,,,,,,,,,,3.80E-10,,,,,46.8681864,14.428183
St. Kosmas,0,3.08,2.82,72.06,22.04,8,,,,0.007,,,,,,,,,,,,,,,,46.8681864,14.428183
St. Kosmas,0,4.52,4.85,71.45,19.18,8,,,,0.009,,,,,,,,,,,,,,,,46.8681864,14.428183
St. Kosmas,0,5.53,10.35,68.32,15.8,35.5,,,,0.01,,,,,,,,,,,,,,,,46.8681864,14.428183
St. Kosmas,0,10.58,14.07,62.69,12.66,35.5,,,,0.015,,,,,,,,,,,,,,,,46.8681864,14.428183
St. Kosmas,0,13.56,15.31,57.73,13.4,45,,,,0.018,,,,,,,,,,,,,,,,46.8681864,14.428183
St. Kosmas,0,35.5,27.24,30.61,6.65,35.5,,,,0.351,,,,,,,,,,,,,,,,46.8681864,14.428183
St. Kosmas,0,30.13,21.53,39.87,8.48,35.5,70.68691,0.4221815,,0.072,,,,,,,,,,,3.90E-09,,,,,46.8681864,14.428183
St. Kosmas,0,4.76,10.98,68.09,16.17,45,,,,0.011,,,,,,,,,,,,,,,,46.8681864,14.428183
St. Kosmas,0,10.47,9.58,63.97,15.99,45,,,,0.011,,,,,,,,,,,,,,,,46.8681864,14.428183
St. Kosmas,0,13.52,10.91,62.77,12.8,56,,,,0.013,,,,,,,,,,,,,,,,46.8681864,14.428183
St. Kosmas,0,13.88,12.75,55.38,17.99,35.5,,,,0.016,2.7438,1.815956,16.27276,,,,,,,,,,,,,46.8681864,14.428183
St. Kosmas,0,3.76,8.77,70.49,16.98,35.5,,,,0.01,2.7485,1.746513,18.63796,,,,,,,,,,,,,46.8681864,14.428183
St. Kosmas,0,0.42,7.14,72.26,20.18,4,,,,0.008,2.75,1.780931,17.59085,,,,,,,,3.69E-10,,,,,46.8681864,14.428183
St. Kosmas,0,1.39,7.82,70.53,20.26,4,,,,0.008,2.75,1.805838,16.85565,,,,,,,,5.00E-10,,,,,46.8681864,14.428183
St. Kosmas,0,1.08,8.28,70.28,20.36,4,,,,0.009,2.75,1.805862,16.32275,,,,,,,,1.13E-09,,,,,46.8681864,14.428183
St. Kosmas,0,1.06,6.48,71.93,20.53,4,,,,0.008,,,,,,,,,,,3.97E-10,,,,,46.8681864,14.428183
St. Kosmas,0,0.06,6.23,73.29,20.42,4,,,,0.008,,,,,,,,,,,,,,,,46.8681864,14.428183
St. Kosmas,0,0.31,7.09,72.32,20.28,4,,,,0.008,2.75,1.756263,17.60836,,,,,,,,4.12E-10,,,,,46.8681864,14.428183
St. Kosmas,0,0.11,5.42,73.9,20.57,4,,,,0.008,2.75,1.761767,18.42528,,,,,,,,3.75E-10,,,,,46.8681864,14.428183
St. Kosmas,0,0.09,3.61,74.26,22.05,4,,,,0.007,2.75,1.754548,18.01209,,,,,,,,,,,,,46.8681864,14.428183
St. Kosmas,0,0.08,5.33,73.27,21.32,4,,,,0.007,2.75,1.757907,17.34889,,,,,,,,4.96E-10,,,,,46.8681864,14.428183
St. Kosmas,0,8.64,8.42,64.58,18.35,45,,,,0.01,,,,,,,,,,,,,,,,46.8681864,14.428183
St. Kosmas,0,17.55,11.14,55.15,16.16,45,,,,0.014,2.7485,1.74867,18.76086,,,,,,,,,,,,,46.8681864,14.428183
St. Kosmas,0,6.73,12.85,60.68,19.75,35.5,,,,0.009,2.75,1.767733,18.0971,,,,,,,,,,,,,46.8681864,14.428183
St. Kosmas,0,2.32,9.02,70.06,18.6,25,,,,0.01,2.75,1.803746,18.0144,,,,,,,,,,,,,46.8681864,14.428183
St. Kosmas,0,13.88,12.75,52.63,20.74,35.5,,,,0.012,,,,,,,,,,,,,,,,46.8681864,14.428183
St. Kosmas,0,1.1,6.39,71.27,21.24,4,,,,0.008,2.755,1.802362,18.47416,,,,,,,,,,,,,46.8681864,14.428183
St. Kosmas,0,10.81,4.84,64.87,19.48,45,,,,0.009,2.7434,1.77176,17.6185,,,,,,,,,,,,,46.8681864,14.428183
St. Kosmas,0,16.4,15.73,50.54,17.33,56,,,,0.017,2.7444,1.840561,16.4282,,,,,,,,,,,,,46.8681864,14.428183
St. Kosmas,0,7.95,5.45,66.3,20.3,35.5,,,,0.009,2.7508,1.761293,17.36818,,,,,,,,,,,,,46.8681864,14.428183
St. Kosmas,0,95.95,4.05,0,0,45,2.550073,1.358927,,17.688,,,,,,,,,,,,,,,,46.8681864,14.428183
Mauer,,,,,,,,,,,,,,24.545,17.61,,6.934,,,,1.80E-08,,,,,48.1507519,16.2686238
Breitenfeld,0,14.27,18.69,47.44,19.6,12.5,,,,0.014,2.75,1.728787,17.70501,,,,,,,,1.85E-10,,,,,48.2136501,16.34300924
Breitenfeld,0,12.64,15.28,47.89,24.18,12.5,,,,0.008,2.75,1.692855,19.3434,,,,,,,,,,,,,48.2136501,16.34300924
Breitenfeld,0,7.14,11.95,53.67,27.25,12.5,,,,0.005,2.75,1.704513,18.44871,,,,,,,,,,,,,48.2136501,16.34300924
Breitenfeld,0,23.22,16.01,40.94,19.83,18,,,,0.015,2.75,1.67996,19.96,,,,,,,,2.25E-10,,,,,48.2136501,16.34300924
Breitenfeld,0,15.17,19.28,48.54,17.01,18,,,,0.016,2.75,1.740977,16.83561,,,,,,,,,,,,,48.2136501,16.34300924
Breitenfeld,0,27.93,14.93,39.68,17.46,18,,,,0.023,2.75,1.68737,19.56424,,,,,,,,,,,,,48.2136501,16.34300924
Breitenfeld,0,15.75,11.29,52.34,20.61,18,,,,0.009,2.75,1.719472,17.89116,,,,,,,,,,,,,48.2136501,16.34300924
Breitenfeld,0,14.79,15.98,46.92,22.32,18,,,,0.01,2.75,1.731249,18.08432,,,,,,,,1.07E-10,,,,,48.2136501,16.34300924
Breitenfeld,0,10.61,16.35,50,23.04,18,,,,0.01,2.75,1.761977,17.15868,,,,,,,,7.04E-11,,,,,48.2136501,16.34300924
Breitenfeld,0,8.8,20.77,50.84,19.59,12.5,,,,0.011,2.75,1.708044,18.57825,,,,,,,,,2.7,27.4,4.8,26.8,48.2136501,16.34300924
Breitenfeld,,,,,,,,,,,2.75,1.758765,16.798,,,,,,,,1.35E-07,,,,,48.2136501,16.34300924
Breitenfeld,0,13.12,19.15,47.22,20.51,18,,,,0.012,2.75,1.743218,17.43221,,,,,,,,6.97E-10,,,,,48.2136501,16.34300924
Breitenfeld,0,16.07,19.31,49.55,15.07,18,,,,0.02,2.75,1.752411,17.99849,,,,,,,,1.11E-06,,,,,48.2136501,16.34300924
Breitenfeld,0,20.46,17.27,46.4,15.86,18,,,,0.019,2.75,1.79475,16.4357,,,,,,,,,,,,,48.2136501,16.34300924
Breitenfeld,0,10.32,17.15,51.15,21.38,18,,,,0.009,2.75,1.688056,18.98908,,,,,,,,,,,,,48.2136501,16.34300924
Breitenfeld,0,8.24,17.87,52.2,21.69,18,,,,0.009,2.75,1.6955,18.84741,,,,,,,,,,,,,48.2136501,16.34300924
Breitenfeld,0,14.43,15.21,52.5,17.86,18,,,,0.015,2.75,1.755834,16.8815,,,,,,,,,,,,,48.2136501,16.34300924
Breitenfeld,0,16.93,14.28,49.47,19.32,18,,,,0.013,2.75,1.743918,17.94112,,,,,,,,1.93E-08,,,,,48.2136501,16.34300924
Zwentendorf,0,20.3,39.5,32.8,7.4,45,68.3,1.4,,0.127,,,,29.98,18.75,15.94,11.229,,1.18,1.09,,,,,,48.6106026,16.4330201
Angern an der March,0,0.34,24.15,62.08,13.43,8,,,,0.024,2.7,1.70404,19.07479,36.401,25.349,22.586,11.052,,1.83,0.815,2.66E-08,,,,,48.3790076,16.8289888
Angern an der March,0,0.45,11.46,69.73,18.36,8,,,,0.015,2.7,1.700861,19.25009,43.799,27.002,22.803,16.797,,1.41,0.903,,,,,,48.3790076,16.8289888
Angern an der March,0,1.22,25.33,58.42,15.03,8,,,,0.024,2.7,1.759192,17.66564,37.88,25.924,22.935,11.955,,1.75,0.779,,,,,,48.3790076,16.8289888
Angern an der March,0,0.51,15.43,65.95,18.11,8,,,,0.015,2.7,1.719891,18.71284,42.459,25.735,21.554,16.724,,1.42,0.914,,,,,,48.3790076,16.8289888
Angern an der March,0,1.57,19.21,63.49,15.72,8,,,,0.015,2.75,1.667894,21.48676,44.314,26.097,21.543,18.217,,1.17,1.12,,4,29.9,3.3,29.8,48.3790076,16.8289888
Angern an der March,0,0.4,20.63,65.07,13.9,8,,,,0.02,2.75,1.68595,19.30788,40.56,27.078,23.707,13.482,,1.45,0.962,,,,,,48.3790076,16.8289888
Angern an der March,0,0.68,21.03,63.18,15.12,8,,,,0.02,2.75,1.739563,18.36273,40.53,25.247,21.427,15.282,,1.43,0.998,,,,,,48.3790076,16.8289888
Angern an der March,0,0.58,23.89,62.47,13.06,8,,,,0.024,2.75,1.731006,18.60468,39.832,23.747,19.725,16.085,,1.09,1.21,,,,,,48.3790076,16.8289888
,0,0.5,29.38,62.28,7.84,12.5,16.26885,2.950908,0.003120982,0.042,2.65,1.742264,16.57703,,,,,,,,3.35E-08,,,,,,
,0,0,0.81,76.02,23.18,1,,,,0.008,,,,33.443,21.577,18.61,11.8662,,2.14,0.511,7.20E-11,,,,,,
,0,0,1.006794,79.27333,19.71987,1,,,,0.008925344,,,,31.56593,22.31342,20.00029,9.252509,,1.984968,0.4694323,1.51E-10,,,,,,
,0,0.4228115,3.410125,78.02075,18.14632,8,,,,0.0106431,,,,29.32042,20.16664,17.8782,9.153773,,1.164593,0.503231,4.23E-10,3,33.3,3,33.2,,
,0,0,0.2680361,67.57375,32.15822,2,,,,0.004516421,,,,31.19592,21.42621,18.98378,9.769714,,0.9996117,0.3033131,5.17E-10,0.2,34.1,0.7,33.9,,
,0,26.97068,55.92552,17.10379,0,35.5,16.02957,1.64539,0.02818545,0.3479883,,,,,,,,,,,3.28E-08,,,,,,
,0,27.90068,51.68546,20.41385,0,35.5,16.48869,2.832981,0.02817774,0.3658099,,,,,,,,,,,1.54E-07,,,,,,
,0,0.1793265,44.5003,47.76422,7.556146,16,20.13382,2.912597,0.003545596,0.05393526,2.7,1.934335,12.32698,,,,,,,,,,,,,,
,0,38.00813,47.5412,13.94853,0.5021418,31.5,74.64352,5.634431,0.02493086,1.295946,2.7,2.083198,9.550035,,,,,,,,,14.5,37.8,8.3,33.6,,
,0,49.8431,37.16835,12.17296,0.8155891,31.5,92.34737,4.139701,0.0317859,1.984426,2.7,2.130555,9.105385,,,,,,,,,24.3,32.4,7.8,34.4,,
,0,44.17989,35.56842,18.82022,1.431471,31.5,225.7031,1.301037,0.01163611,1.28384,2.7,1.984991,11.11292,,,,,,,,,0,35,1.8,34.1,,
,0,45.72922,38.4456,14.85411,0.9710673,31.5,137.7112,3.919225,0.01961278,1.598698,2.7,2.066271,10.28494,,,,,,,,,9.7,36.1,0,34.4,,
,0,49.97489,39.87014,9.772251,0.3827184,31.5,49.47887,2.499973,0.0613445,1.997652,2.7,2.128272,9.794096,,,,,,,,,,,,,,
,0,46.19,34.0358,18.561,1.213196,31.5,245.4522,3.459452,0.01111558,1.605097,,,,,,,,,,,,,,,,,
,0,36.89956,26.09656,34.05148,2.952398,31.5,219.8673,0.1347592,0.006206755,0.3543227,2.7,2.008579,9.857342,,,,,,,,,3.4,38,4,32.7,,
,0,0,43.23418,56.27537,0.4904534,2,3.772133,1.505878,0.01751114,0.0570595,,,,33.43594,28.75259,27.58175,4.683354,,1.908022,-0.09959453,,11.3,31.3,5.5,32.5,,
,0,0,12.75333,86.00867,1.238003,0.5,4.338681,0.9551163,0.00589133,0.01951635,,,,66.57757,45.8549,40.67423,20.72267,,0.8192752,-0.1783181,,5,32.1,2.8,33,,
,0,0,47.06106,50.30645,2.632494,2,17.42635,0.5901392,0.005968227,0.05121814,,,,109.271,79.20351,71.68664,30.0675,,1.984568,-0.3005833,,8.3,33.7,5.5,34.7,,
,0,0,91.23763,8.762375,0,2,2.694202,1.207919,0.06534265,0.1557883,,,,,,,,,,,,5.8,38.8,0,34.1,,
,0,76.25701,22.99446,0.7485205,0,31.5,45.54821,7.283924,0.1985608,7.092719,,,,,,,,,,,,17.1,50.8,19.4,42,,
,0,1.148582,52.54538,45.00083,1.305204,16,4.278332,1.431051,0.01974762,0.0674986,2.664,1.683018,17.74006,,,,,,,,,20.7,40.4,7.1,33.5,,
,0,0,5.908114,78.7985,15.29338,0.1,,,,0.009831721,,,,46.18261,24.17268,18.67019,22.00993,,1.151417,1.438557,,,,,,,
,0,0,3.179508,73.59806,23.22243,0.1,,,,0.008715382,,,,48.1324,25.60168,19.96901,22.53071,,0.9823213,,,,,,,,
,,,,,,,,,,,,,,42,28.4,25,13.6,,,,,4.5,33.4,1.6,33.2,,
Wimpassing an der Leitha,0,4.4,28.8,60.4,6.4,29,11.9,1.7,0.004,0.036,2.739,1.898,13.1,25.231,21.191,,4.04,,,,,6.5,34.6,5.9,33.6,47.9163073,16.4295079
,0,0,17.5,66.9,15.6,4,,,,0.02,2.7,1.797,15.9,32.7,19.8,16.6,12.9,,,,,,,,,,
Rautenweg,0,61.7,33.8,4.6,0,31.5,31.3,2.2,0.147,3.253,2.7,1.498,24.2,,,,,,,,,17.5,35.9,16.9,35.3,48.2584558,16.4792143
,0,0,99.9,0.1,0,8,2.4,1,0.19,0.403,,,,,,,,,,,0.00011,3.4,32.2,3,31.9,,
,,,,,,,,,,,,,,,,,,,,,4.80E-06,5.4,32.1,4,32,,
,0,0,18,48,34,8,,,,0.005,,,,75.4,53.7,48.3,21.7,,,,,,,,,,
,0,1.6,35.2,41.9,21.2,8,,,,0.02,,,,70.3,49.6,44.4,20.7,,,,,,,,,,
,0,70.6,28.4,0.8,0.1,18,5.9,1.3,0.739,3.597,2.7,2.13,7.91,,,,,,,,,,,,,,
,0,0,100,0,0,4,1.3,1,,0.922,2.7,1.644,9,,,,,,,,3.80E-05,0,42.5,0,31.9,,
,0,0,100,0,0,2,1.4,1,,0.94,,,,,,,,,,,,0,42.5,0,32.5,,
,0,0,100,0,0,1.6,1.4,1,,0.947,,,,,,,,,,,,0,39.9,0,31.3,,
,0,0,100,0,0,2,1.4,1,,0.94,,,,,,,,,,,,0,36.3,0,29.2,,
,0,0,100,0,0,2,1.4,1,,0.912,,,,,,,,,,,,0,43.9,0,32.8,,
,0,0,100,0,0,2,1.3,1,,0.913,,,,,,,,,,,,0,42.2,0,32.3,,
,0,0,100,0,0,2,1.4,1,,0.94,,,,,,,,,,,,0,41.3,0,31.5,,
,0,0,100,0,0,1.6,1.4,1,,0.947,,,,,,,,,,,,0,36.2,0,33.4,,
,0,0,100,0,0,2,1.4,1,,0.94,,,,,,,,,,,,0,43.6,0,33.1,,
,0,0,100,0,0,2,1.4,1,,0.912,,,,,,,,,,,,0,42.7,0,33.8,,
,0,0,100,0,0,2,1.3,1,,0.913,,,,,,,,,,,,0,40.8,0,31.3,,
,0,0,100,0,0,1.6,1.3,1,,0.881,,,,,,,,,,,,0,37.4,0,36.9,,
,0,0,100,0,0,1.6,1.3,1,,0.886,,,,,,,,,,,,,,,,,
,0,0,100,0,0,1.6,1.3,1,,0.888,,,,,,,,,,,,0,47.6,0,45.7,,
,0,0,100,0,0,1.6,1.3,1,,0.888,,,,,,,,,,,,0,43.5,0,41.8,,
,0,0,100,0,0,1.6,1.3,1,,0.892,,,,,,,,,,,,0,39,0,37.9,,
,0,0,100,0,0,2,1.4,1,,0.925,,,,,,,,,,,,0,37.9,0,35.2,,
,0,0,100,0,0,2,1.3,1,,0.923,,,,,,,,,,,,0,43.5,0,41.8,,
Markgrafneusiedel,0,0.4,70.7,23.3,5.7,8,35,2.2,,,2.674,,,,,,,,,,,,,,,,
,0,0.3,14.5,76.7,8.4,8,17.271655,1.875829625,,0.021178678,,,,22.267,16.438,,5.829,,,,,,,,,,
Gneixersdorf,0,0,3.78,79.64,16.58,1.5,,,,0.019346125,,,,24.224,18.897,,5.327,,,,,,,,,,
Gneixersdorf,0,0,3.76,77.47,18.77,2,,,,0.02291164,,,,,,,,,,,,,,,,,
Fischamend,0,0,13.1,79.57,7.33,0.95,5.5406375,0.44257925,,0.019908714,2.7775,1.7793975,15.62816,,,,,,,,,,,,,48.1185885,16.6112789
,,,,,,,,,,,,,,,,,,,,,,,,,,,
,0,0.11,3.78,69.06,27.04,2.32,,,,0.01,2.732,1.629138,22.25712,47.1204,23.94079,18.14589,23.1796,,1.742929,1.013824,,,,,,,
,0,27.77,49.19,19.41,3.64,18,271.5,3.57,0.004647765,0.801,2.794,1.678788,19.96521,73.075,49.247,43.29,23.828,,0,0,6.25E-11,,,,,,
Schwechat,,,,,,,,,,,2.7,0.757,69.7,,,,,,,,,15,22.6,14.6,22,48.10499675,16.5848987
Schwechat,,,,,,,,,,,2.7,0.903,59,,,,,,,,,10.6,30.5,9.6,29.8,48.10499675,16.5848987
,0,0,2.555072,58.70596,38.73897,1,,,,0.004,,,,57.896,23.605,15.032,34.291,,0.806,,7.33E-07,,,,,,
,0,0.3,20,45.3,34.4,8,,,,0.008,2.721,1.7834,18.5,41.5,20.1,14.7,21.4,23.717,0.831,0.599,,4.9,26,5,25.9,,
Altenburg,0,0.5797148,11.24988,53.56436,34.60605,12.5,,,,0.007,2.75,1.733779,19.13043,61.027,27.393,18.985,33.634,,1.148,0.943,,,,,,48.6479626,15.5933893
Judenburg,0,27.3,39.8,26.4,6.5,35.5,117.8,1,0.005,0.211,,,,,,,,,,,,8.12,36.7,7,36.7,47.1694082,14.6601079
Judenburg,0,24.3,59.2,14.5,1.9,35.5,12.1,0.7,0.04,0.245,,,,,,,,,,,,3.7,36.1,1,34.5,47.1694082,14.6601079
Judenburg,0,9,40.7,45.1,5.2,35.5,15.7,1.3,0.006,0.062,,,,,,,,,,,,2.2,33.9,1.3,33.7,47.1694082,14.6601079
Judenburg,0,11.9,44.7,37.6,5.8,35.5,40.8,1,0.004,0.097,,,,,,,,,,,,12.1,33.5,11.4,32.4,47.1694082,14.6601079
Judenburg,18.6,13.9,33.3,34.2,0,67,,,,0.166,,,,,,,,,,,,3.5,32.7,3.4,32.4,47.1694082,14.6601079
Judenburg,3.4,27.3,33.1,32.9,3.3,67,48.3,0.4,0.011,0.162,,,,,,,,,,,,0.7,33.1,0.7,33.1,47.1694082,14.6601079
Judenburg,14.4,52.1,22.6,10.9,0,67,,,,12.516,,,,,,,,,,,,1,34.5,0.8,34.5,47.1694082,14.6601079
Judenburg,0,0.4,32.4,62.2,4.9,8,6.9,2.4,0.008,0.047,,,,,,,,,,,,9,32.1,3.5,31.6,47.1694082,14.6601079
Lainzertunnel,,,,,,,,,,,2.7,1.972,9.6,,,,,,,,,66.14,39.45,54.86,38.7,,
Lainzertunnel,,,,,,,,,,,2.65,1.654,18.4,,,,,,,,,22.5,37.5,6.5,33.8,,
Lainzertunnel,0,0,88.6,9.6,1.8,2,3,1.7,0.052,0.141,2.65,1.912,12.5,,,,,,,,,38.7,35.4,7.8,33.7,,
Lainzertunnel,,,,,,,,,,,2.75,1.747,19,,,,,,,,,19.8,21.4,6.7,17.6,,
Lainzertunnel,,,,,,,,,,,2.65,1.711,15.2,,,,,,,,,16.9,41.1,5.1,32.2,,
Lainzertunnel,,,,,,,,,,,2.65,1.844,13.6,,,,,,,,,17.5,22.4,10.4,19.6,,
Lainzertunnel,,,,,,,,,,,2.7,1.859,14.9,36.5,16.5,11.5,20,13.7,1.14,,,54.6,28.6,6.7,26.7,,
Lainzertunnel,,,,,,,,,,,2.7,1.792,15.5,,,,,,,,,26.7,25.2,11.2,24.5,,
Lainzertunnel,,,,,,,,,,,2.75,1.695,19.4,,,,,,,,,32.1,19.3,22.6,14.9,,
Lainzertunnel,,,,,,,,,,,2.7,1.792,16.5,,,,,,,,,10.2,22.8,6.6,18.8,,
Lainzertunnel,,,,,,,,,,,2.75,1.737,18.2,,,,,,,,,49.4,29,14.4,18.6,,
Lainzertunnel,,,,,,,,,,,2.7,1.861,15,,,,,,,,,51.3,29.3,33.3,24.8,,
Lainzertunnel,,,,,,,,,,,2.65,1.642,17.4,,,,,,,,,26.1,33.5,5.8,32.6,,
Lainzertunnel,,,,,,,,,,,2.7,1.727,16.3,,,,,,,,,20.9,31.4,5,24.9,,
Lainzertunnel,,,,,,,,,,,2.65,1.643,18.6,,,,,,,,,26.8,37.4,6.4,32.9,,
Lainzertunnel,,,,,,,,,,,2.7,1.851,14.8,,,,,,,,,60,24.5,37.3,22.8,,
Lainzertunnel,,,,,,,,,,,2.7,1.863,14.6,,,,,,,,,30.2,25.6,20,23.7,,
Lainzertunnel,,,,,,,,,,,2.7,1.846,14,,,,,,,,,23.8,30.7,11.7,29.9,,
Lainzertunnel,,,,,,,,,,,2.7,1.785,17.3,,,,,,,,,56.2,22.6,27.1,16.7,,
Lainzertunnel,,,,,,,,,,,2.75,1.772,18.2,,,,,,,,,30.4,22.2,13.7,19.9,,
Lainzertunnel,,,,,,,,,,,2.7,1.77,16.2,,,,,,,,,33.1,23.4,17.4,22.6,,
Lainzertunnel,,,,,,,,,,,2.7,1.819,15.7,,,,,,,,,46,24.2,29.6,17.7,,
Lainzertunnel,,,,,,,,,,,2.75,1.848,14.7,,,,,,,,,30.6,26.5,12,23.7,,
Lainzertunnel,,,,,,,,,,,2.75,1.738,19.1,,,,,,,,,30.8,28,9.7,25.9,,
Lainzertunnel,,,,,,,,,,,2.75,1.759,17.7,,,,,,,,,19.7,27,9.5,26.4,,
Lainzertunnel,,,,,,,,,,,2.75,1.759,16.2,,,,,,,,,23.3,31.9,10,30.9,,
Hohenruppersdorf,0,13.6,14.1,62.5,9.8,31.5,14.2,2.1,0.002,0.022,,,,44.5,20.6,14.6,23.9,19.7,1.038,2.44,,0.7,31.1,0,30.8,48.4642356,16.6508678
Hohenruppersdorf,2.2,76.2,16.2,5.4,0,67,87.4,4.6,0.206,11.349,2.686,2.19,6.4,,,,,,,,,47.6,52.5,44.9,49.2,48.4642356,16.6508678
Hagsdorf,0,13.5,20.7,59.2,6.6,45,11,1.8,0.004,0.035,2.745,1.938,12.4,31.4,20.9,18.2,10.6,18.1,1.255,,4.00E-09,24,32.8,23.3,29.3,48.1746698,15.0989002
Hagsdorf,0,12.5,13.2,67.1,7.3,45,10.1,1.8,0.004,0.028,2.745,1.943,12.4,28.1,21.3,19.6,6.8,26.7,0.206,0.94,6.60E-10,5,32.8,3.8,32.1,48.1746698,15.0989002
Steinakirchen,0,14.4,18.4,47.7,19.5,45,,,,0.026,2.743,1.849,15.5,37.9,19.2,14.5,18.7,18.1,1.059,0.96,6.40E-11,7.1,28.6,6.5,27.4,48.0674438,15.0488188
Steinakirchen,0,39.4,27.8,24.1,8.7,63,461,0.6,0.003,0.302,2.694,2.002,9.4,,,,,,,,9.10E-09,8.6,36.4,7.7,35,48.0674438,15.0488188
Steinakirchen,0,41.5,27.4,29,2.1,45,206.5,0.1,0.011,0.401,2.695,2.112,8.6,,,,,,,,8.00E-10,4.1,36.2,2.9,34.4,48.0674438,15.0488188
Gottsdorf,0,2.1,23.3,54.9,19.6,16,,,,0.015,2.75,1.754,17.3,42,21,15.8,21,29,0.619,1.1,1.90E-10,8.5,28.5,6.2,27.6,48.1917608,15.1067004
Wieselburg,0,67.2,20.3,8.8,3.7,63,375.2,9.8,0.025,5.914,2.69,2.302,4.8,,,,,,,,,2.5,35.6,2.2,33.2,48.1298877,15.1376585
Schallemmersdorf,10.1,59.8,22.1,8,0,75,354.9,1.3,0.092,18.355,,,,,,,,,,,,5.9,33.8,5.3,32.8,48.2542718,15.3535396
Schallemmersdorf,0,73.7,18.2,8.2,0,75,266,6.4,0.087,14.271,,,,,,,,,,,,4.4,33.1,3.8,31.6,48.2542718,15.3535396
Schallemmersdorf,,,,,,,,,,,2.695,2.058,9.5,,,,,,,,,1,36.3,0.1,35.6,48.2542718,15.3535396
Langenlois,,,,,,,,,,,,,,,,,,,,,,,,,,48.472601,15.676295
Langenlois,,,,,,,,,,,,,,,,,,,,,,,,,,48.472601,15.676295
Langenlois,,,,,,,,,,,,,,,,,,,,,,,,,,48.472601,15.676295
Langenlois,,,,,,,,,,,,,,,,,,,,,,,,,,48.472601,15.676295
Pinkafeld,0,2,25.6,50.9,21.6,4,,,,0.011,2.75,1.715,17.4,57.302,20.889,11.786,36.413,37.8,0.536,1.69,3.10E-10,1.9,27,1.2,26.7,47.37254,16.1234157
Ybbs,,,,,,,,,,,2.7,2.121,8.9,,,,,,,,,16.4,40.3,12,39.3,48.1772445,15.0852856
Ybbs,15.6,44.2,28.2,10.5,1.5,75,254.5,0.7,0.046,4.874,,,,,,,,,,,,28.1,41,19.5,40.5,48.1772445,15.0852856
Böheimkirchen,0,3.2,26.2,57.2,13.4,16,,,,0.03,,,,31.5,19.4,16.4,12,15.4,1.342,0.9,,2.4,34.1,1.7,32.8,48.1979315,15.7624204
Böheimkirchen,,,,,,,,,,,,,,27.8,17,14.3,10.8,16,1.093,1.08,,6.9,31.8,3.8,31.2,48.1979315,15.7624204
Böheimkirchen,,,,,,,,,,,,,,32.4,17.4,13.6,15,19.8,0.84,0.84,,2.4,32.3,1.6,32,48.1979315,15.7624204
Böheimkirchen,0,1.2,25.8,62.1,11,16,26,2.3,0,0.033,,,,29.8,20.8,18.6,9,11.3,2.056,0.82,,2.4,34.1,1.1,33.8,48.1979315,15.7624204
Simbach,0,62,29.1,7.7,1.2,45,108.8,0.2,0.079,5.424,2.692,2.178,6.7,,,,,,,,1.00E-08,3.6,33.9,2.4,32.2,48.2775178,14.0210941
Vienna,0,0,91.1,7.5,1.4,4,3.4,1,0.07,0.197,2.7,1.74,20.45,,,,,,,,,,,,,48.2083537,16.3725042
Vienna,0,82.6,15.6,1.8,0,45,21,1.7,0.84,13.059,2.6906,2.15,15.3,,,,,,,,,,,,,48.2083537,16.3725042
Ybbs,,,,,,,,,,,,,,54.2,21.8,13.7,32.4,30,,,,7.4,24.7,6.1,23.6,48.1772445,15.0852856
Laa an der Thaya,0,2.8,65,29.1,3.1,16,17.9,2.1,0.00929705,0.136,,,,23.1,16.6,15,6.5,21.1,,2.1,,,,,,48.7125893,16.3745565
Laa an der Thaya,0,0.2,47.6,36.3,15.9,8,,,,0.058,,,,35.1,16.7,12.1,18.4,19,,1.16,,,,,,48.7125893,16.3745565
,,,,,,,,,,,,,,55.4,25.7,18.3,29.7,23.6,,,,8.9,29.2,6.8,28,,
,0,53.5,19.8,17.5,9.2,31.5,3698,0.9,0.002,4.318,,,,,,,,,,,3.00E-07,,,,,,
,0,61.6,17.6,18.2,2.6,31.5,426.2,0.4,0.016,4.966,,,,,,,,,,,,,,,,,
